ID,Tipo Prenda,Nombre artístico,Género,Nombre Completo,Descripción,Meta-título,Meta descripción,Enlace-reescrito
4370,Zip up Hoodie,Minions Drinking,Femme,Zip up Hoodie Minions Drinking Femme,"<div style=""text-align: center;""> <p style=""text-align: left;"">Nos vêtements ne rétrécissent pas et les coleurs disparaissent jamais. Nous utilisons des colorants naturels complètement exempt de substances nocives (Oeko-Tex Standard 100 - certification). Chaque vêtement est fait en vertu d'un processus manuel teinté avec des colorants à base d'eau et amicales avec l'environnement . Notre système d'impression est un processus unique qui permet d'imprimer directement sur les fibres des produits afin d'assurer réalisme et durabilité dans les couleurs . Merci à cela, nos vêtements peut être repassé sans perdre les propriétés.</p> <div style=""text-align: left;""> </div> <div style=""text-align: left;""> </div> <br /> <div style=""text-align: left;""><strong>Caractéristiques:</strong></div> <div style=""text-align: left;""> </div> <br /> <div> <ul> <li style=""text-align: left;"">100% coton premium</li> <li style=""text-align: left;"">Pré - lavé, toujours garde les propriétés</li> <li style=""text-align: left;"">Couleurs et Dessins, réalistes</li> <li style=""text-align: left;"">Colorants à base d'eau</li> <li style=""text-align: left;"">Libre de substances nocives (Certificación Oeko-Tex Standard 100)</li> <li style=""text-align: left;"">Respectueux avec la durabilité environnementale</li> </ul> </div> </div> <p> </p> <div style=""text-align: center;""> </div>",Zip up Hoodie Minions Drinking Femme,"Vêtements full-printing imprimés en 3D. T-shirts, sweatshirts, chaussettes, débardeur, accessoires et bien plus encore. Tous imprimés sur full-printing  des dessins hyperréalistes.",zip-up-hoodie-minions-drinking-femme
4371,Zip up Hoodie,Innocent Daisy,Femme,Zip up Hoodie Innocent Daisy Femme,"<div style=""text-align: center;""> <p style=""text-align: left;"">Nos vêtements ne rétrécissent pas et les coleurs disparaissent jamais. Nous utilisons des colorants naturels complètement exempt de substances nocives (Oeko-Tex Standard 100 - certification). Chaque vêtement est fait en vertu d'un processus manuel teinté avec des colorants à base d'eau et amicales avec l'environnement . Notre système d'impression est un processus unique qui permet d'imprimer directement sur les fibres des produits afin d'assurer réalisme et durabilité dans les couleurs . Merci à cela, nos vêtements peut être repassé sans perdre les propriétés.</p> <div style=""text-align: left;""> </div> <div style=""text-align: left;""> </div> <br /> <div style=""text-align: left;""><strong>Caractéristiques:</strong></div> <div style=""text-align: left;""> </div> <br /> <div> <ul> <li style=""text-align: left;"">100% coton premium</li> <li style=""text-align: left;"">Pré - lavé, toujours garde les propriétés</li> <li style=""text-align: left;"">Couleurs et Dessins, réalistes</li> <li style=""text-align: left;"">Colorants à base d'eau</li> <li style=""text-align: left;"">Libre de substances nocives (Certificación Oeko-Tex Standard 100)</li> <li style=""text-align: left;"">Respectueux avec la durabilité environnementale</li> </ul> </div> </div> <p> </p> <div style=""text-align: center;""> </div>",Zip up Hoodie Innocent Daisy Femme,"Vêtements full-printing imprimés en 3D. T-shirts, sweatshirts, chaussettes, débardeur, accessoires et bien plus encore. Tous imprimés sur full-printing  des dessins hyperréalistes.",zip-up-hoodie-innocent-daisy-femme
4372,Zip up Hoodie,Smoking Finn,Femme,Zip up Hoodie Smoking Finn Femme,"<div style=""text-align: center;""> <p style=""text-align: left;"">Nos vêtements ne rétrécissent pas et les coleurs disparaissent jamais. Nous utilisons des colorants naturels complètement exempt de substances nocives (Oeko-Tex Standard 100 - certification). Chaque vêtement est fait en vertu d'un processus manuel teinté avec des colorants à base d'eau et amicales avec l'environnement . Notre système d'impression est un processus unique qui permet d'imprimer directement sur les fibres des produits afin d'assurer réalisme et durabilité dans les couleurs . Merci à cela, nos vêtements peut être repassé sans perdre les propriétés.</p> <div style=""text-align: left;""> </div> <div style=""text-align: left;""> </div> <br /> <div style=""text-align: left;""><strong>Caractéristiques:</strong></div> <div style=""text-align: left;""> </div> <br /> <div> <ul> <li style=""text-align: left;"">100% coton premium</li> <li style=""text-align: left;"">Pré - lavé, toujours garde les propriétés</li> <li style=""text-align: left;"">Couleurs et Dessins, réalistes</li> <li style=""text-align: left;"">Colorants à base d'eau</li> <li style=""text-align: left;"">Libre de substances nocives (Certificación Oeko-Tex Standard 100)</li> <li style=""text-align: left;"">Respectueux avec la durabilité environnementale</li> </ul> </div> </div> <p> </p> <div style=""text-align: center;""> </div>",Zip up Hoodie Smoking Finn Femme,"Vêtements full-printing imprimés en 3D. T-shirts, sweatshirts, chaussettes, débardeur, accessoires et bien plus encore. Tous imprimés sur full-printing  des dessins hyperréalistes.",zip-up-hoodie-smoking-finn-femme
4373,Zip up Hoodie,Adventure Time,Femme,Zip up Hoodie Adventure Time Femme,"<div style=""text-align: center;""> <p style=""text-align: left;"">Nos vêtements ne rétrécissent pas et les coleurs disparaissent jamais. Nous utilisons des colorants naturels complètement exempt de substances nocives (Oeko-Tex Standard 100 - certification). Chaque vêtement est fait en vertu d'un processus manuel teinté avec des colorants à base d'eau et amicales avec l'environnement . Notre système d'impression est un processus unique qui permet d'imprimer directement sur les fibres des produits afin d'assurer réalisme et durabilité dans les couleurs . Merci à cela, nos vêtements peut être repassé sans perdre les propriétés.</p> <div style=""text-align: left;""> </div> <div style=""text-align: left;""> </div> <br /> <div style=""text-align: left;""><strong>Caractéristiques:</strong></div> <div style=""text-align: left;""> </div> <br /> <div> <ul> <li style=""text-align: left;"">100% coton premium</li> <li style=""text-align: left;"">Pré - lavé, toujours garde les propriétés</li> <li style=""text-align: left;"">Couleurs et Dessins, réalistes</li> <li style=""text-align: left;"">Colorants à base d'eau</li> <li style=""text-align: left;"">Libre de substances nocives (Certificación Oeko-Tex Standard 100)</li> <li style=""text-align: left;"">Respectueux avec la durabilité environnementale</li> </ul> </div> </div> <p> </p> <div style=""text-align: center;""> </div>",Zip up Hoodie Adventure Time Femme,"Vêtements full-printing imprimés en 3D. T-shirts, sweatshirts, chaussettes, débardeur, accessoires et bien plus encore. Tous imprimés sur full-printing  des dessins hyperréalistes.",zip-up-hoodie-adventure-time-femme
4374,Zip up Hoodie,Angry Mickey,Femme,Zip up Hoodie Angry Mickey Femme,"<div style=""text-align: center;""> <p style=""text-align: left;"">Nos vêtements ne rétrécissent pas et les coleurs disparaissent jamais. Nous utilisons des colorants naturels complètement exempt de substances nocives (Oeko-Tex Standard 100 - certification). Chaque vêtement est fait en vertu d'un processus manuel teinté avec des colorants à base d'eau et amicales avec l'environnement . Notre système d'impression est un processus unique qui permet d'imprimer directement sur les fibres des produits afin d'assurer réalisme et durabilité dans les couleurs . Merci à cela, nos vêtements peut être repassé sans perdre les propriétés.</p> <div style=""text-align: left;""> </div> <div style=""text-align: left;""> </div> <br /> <div style=""text-align: left;""><strong>Caractéristiques:</strong></div> <div style=""text-align: left;""> </div> <br /> <div> <ul> <li style=""text-align: left;"">100% coton premium</li> <li style=""text-align: left;"">Pré - lavé, toujours garde les propriétés</li> <li style=""text-align: left;"">Couleurs et Dessins, réalistes</li> <li style=""text-align: left;"">Colorants à base d'eau</li> <li style=""text-align: left;"">Libre de substances nocives (Certificación Oeko-Tex Standard 100)</li> <li style=""text-align: left;"">Respectueux avec la durabilité environnementale</li> </ul> </div> </div> <p> </p> <div style=""text-align: center;""> </div>",Zip up Hoodie Angry Mickey Femme,"Vêtements full-printing imprimés en 3D. T-shirts, sweatshirts, chaussettes, débardeur, accessoires et bien plus encore. Tous imprimés sur full-printing  des dessins hyperréalistes.",zip-up-hoodie-angry-mickey-femme
4375,Zip up Hoodie,Green Hour Adventure,Femme,Zip up Hoodie Green Hour Adventure Femme,"<div style=""text-align: center;""> <p style=""text-align: left;"">Nos vêtements ne rétrécissent pas et les coleurs disparaissent jamais. Nous utilisons des colorants naturels complètement exempt de substances nocives (Oeko-Tex Standard 100 - certification). Chaque vêtement est fait en vertu d'un processus manuel teinté avec des colorants à base d'eau et amicales avec l'environnement . Notre système d'impression est un processus unique qui permet d'imprimer directement sur les fibres des produits afin d'assurer réalisme et durabilité dans les couleurs . Merci à cela, nos vêtements peut être repassé sans perdre les propriétés.</p> <div style=""text-align: left;""> </div> <div style=""text-align: left;""> </div> <br /> <div style=""text-align: left;""><strong>Caractéristiques:</strong></div> <div style=""text-align: left;""> </div> <br /> <div> <ul> <li style=""text-align: left;"">100% coton premium</li> <li style=""text-align: left;"">Pré - lavé, toujours garde les propriétés</li> <li style=""text-align: left;"">Couleurs et Dessins, réalistes</li> <li style=""text-align: left;"">Colorants à base d'eau</li> <li style=""text-align: left;"">Libre de substances nocives (Certificación Oeko-Tex Standard 100)</li> <li style=""text-align: left;"">Respectueux avec la durabilité environnementale</li> </ul> </div> </div> <p> </p> <div style=""text-align: center;""> </div>",Zip up Hoodie Green Hour Adventure Femme,"Vêtements full-printing imprimés en 3D. T-shirts, sweatshirts, chaussettes, débardeur, accessoires et bien plus encore. Tous imprimés sur full-printing  des dessins hyperréalistes.",zip-up-hoodie-green-hour-adventure-femme
4376,Zip up Hoodie,Fat Mario,Femme,Zip up Hoodie Fat Mario Femme,"<div style=""text-align: center;""> <p style=""text-align: left;"">Nos vêtements ne rétrécissent pas et les coleurs disparaissent jamais. Nous utilisons des colorants naturels complètement exempt de substances nocives (Oeko-Tex Standard 100 - certification). Chaque vêtement est fait en vertu d'un processus manuel teinté avec des colorants à base d'eau et amicales avec l'environnement . Notre système d'impression est un processus unique qui permet d'imprimer directement sur les fibres des produits afin d'assurer réalisme et durabilité dans les couleurs . Merci à cela, nos vêtements peut être repassé sans perdre les propriétés.</p> <div style=""text-align: left;""> </div> <div style=""text-align: left;""> </div> <br /> <div style=""text-align: left;""><strong>Caractéristiques:</strong></div> <div style=""text-align: left;""> </div> <br /> <div> <ul> <li style=""text-align: left;"">100% coton premium</li> <li style=""text-align: left;"">Pré - lavé, toujours garde les propriétés</li> <li style=""text-align: left;"">Couleurs et Dessins, réalistes</li> <li style=""text-align: left;"">Colorants à base d'eau</li> <li style=""text-align: left;"">Libre de substances nocives (Certificación Oeko-Tex Standard 100)</li> <li style=""text-align: left;"">Respectueux avec la durabilité environnementale</li> </ul> </div> </div> <p> </p> <div style=""text-align: center;""> </div>",Zip up Hoodie Fat Mario Femme,"Vêtements full-printing imprimés en 3D. T-shirts, sweatshirts, chaussettes, débardeur, accessoires et bien plus encore. Tous imprimés sur full-printing  des dessins hyperréalistes.",zip-up-hoodie-fat-mario-femme
4377,Zip up Hoodie,Art,Femme,Zip up Hoodie Art Femme,"<div style=""text-align: center;""> <p style=""text-align: left;"">Nos vêtements ne rétrécissent pas et les coleurs disparaissent jamais. Nous utilisons des colorants naturels complètement exempt de substances nocives (Oeko-Tex Standard 100 - certification). Chaque vêtement est fait en vertu d'un processus manuel teinté avec des colorants à base d'eau et amicales avec l'environnement . Notre système d'impression est un processus unique qui permet d'imprimer directement sur les fibres des produits afin d'assurer réalisme et durabilité dans les couleurs . Merci à cela, nos vêtements peut être repassé sans perdre les propriétés.</p> <div style=""text-align: left;""> </div> <div style=""text-align: left;""> </div> <br /> <div style=""text-align: left;""><strong>Caractéristiques:</strong></div> <div style=""text-align: left;""> </div> <br /> <div> <ul> <li style=""text-align: left;"">100% coton premium</li> <li style=""text-align: left;"">Pré - lavé, toujours garde les propriétés</li> <li style=""text-align: left;"">Couleurs et Dessins, réalistes</li> <li style=""text-align: left;"">Colorants à base d'eau</li> <li style=""text-align: left;"">Libre de substances nocives (Certificación Oeko-Tex Standard 100)</li> <li style=""text-align: left;"">Respectueux avec la durabilité environnementale</li> </ul> </div> </div> <p> </p> <div style=""text-align: center;""> </div>",Zip up Hoodie Art Femme,"Vêtements full-printing imprimés en 3D. T-shirts, sweatshirts, chaussettes, débardeur, accessoires et bien plus encore. Tous imprimés sur full-printing  des dessins hyperréalistes.",zip-up-hoodie-art-femme
4378,Zip up Hoodie,Evil Witch,Femme,Zip up Hoodie Evil Witch Femme,"<div style=""text-align: center;""> <p style=""text-align: left;"">Nos vêtements ne rétrécissent pas et les coleurs disparaissent jamais. Nous utilisons des colorants naturels complètement exempt de substances nocives (Oeko-Tex Standard 100 - certification). Chaque vêtement est fait en vertu d'un processus manuel teinté avec des colorants à base d'eau et amicales avec l'environnement . Notre système d'impression est un processus unique qui permet d'imprimer directement sur les fibres des produits afin d'assurer réalisme et durabilité dans les couleurs . Merci à cela, nos vêtements peut être repassé sans perdre les propriétés.</p> <div style=""text-align: left;""> </div> <div style=""text-align: left;""> </div> <br /> <div style=""text-align: left;""><strong>Caractéristiques:</strong></div> <div style=""text-align: left;""> </div> <br /> <div> <ul> <li style=""text-align: left;"">100% coton premium</li> <li style=""text-align: left;"">Pré - lavé, toujours garde les propriétés</li> <li style=""text-align: left;"">Couleurs et Dessins, réalistes</li> <li style=""text-align: left;"">Colorants à base d'eau</li> <li style=""text-align: left;"">Libre de substances nocives (Certificación Oeko-Tex Standard 100)</li> <li style=""text-align: left;"">Respectueux avec la durabilité environnementale</li> </ul> </div> </div> <p> </p> <div style=""text-align: center;""> </div>",Zip up Hoodie Evil Witch Femme,"Vêtements full-printing imprimés en 3D. T-shirts, sweatshirts, chaussettes, débardeur, accessoires et bien plus encore. Tous imprimés sur full-printing  des dessins hyperréalistes.",zip-up-hoodie-evil-witch-femme
4379,Zip up Hoodie,Nug Life,Femme,Zip up Hoodie Nug Life Femme,"<div style=""text-align: center;""> <p style=""text-align: left;"">Nos vêtements ne rétrécissent pas et les coleurs disparaissent jamais. Nous utilisons des colorants naturels complètement exempt de substances nocives (Oeko-Tex Standard 100 - certification). Chaque vêtement est fait en vertu d'un processus manuel teinté avec des colorants à base d'eau et amicales avec l'environnement . Notre système d'impression est un processus unique qui permet d'imprimer directement sur les fibres des produits afin d'assurer réalisme et durabilité dans les couleurs . Merci à cela, nos vêtements peut être repassé sans perdre les propriétés.</p> <div style=""text-align: left;""> </div> <div style=""text-align: left;""> </div> <br /> <div style=""text-align: left;""><strong>Caractéristiques:</strong></div> <div style=""text-align: left;""> </div> <br /> <div> <ul> <li style=""text-align: left;"">100% coton premium</li> <li style=""text-align: left;"">Pré - lavé, toujours garde les propriétés</li> <li style=""text-align: left;"">Couleurs et Dessins, réalistes</li> <li style=""text-align: left;"">Colorants à base d'eau</li> <li style=""text-align: left;"">Libre de substances nocives (Certificación Oeko-Tex Standard 100)</li> <li style=""text-align: left;"">Respectueux avec la durabilité environnementale</li> </ul> </div> </div> <p> </p> <div style=""text-align: center;""> </div>",Zip up Hoodie Nug Life Femme,"Vêtements full-printing imprimés en 3D. T-shirts, sweatshirts, chaussettes, débardeur, accessoires et bien plus encore. Tous imprimés sur full-printing  des dessins hyperréalistes.",zip-up-hoodie-nug-life-femme
4380,Zip up Hoodie,Banana Diet,Femme,Zip up Hoodie Banana Diet Femme,"<div style=""text-align: center;""> <p style=""text-align: left;"">Nos vêtements ne rétrécissent pas et les coleurs disparaissent jamais. Nous utilisons des colorants naturels complètement exempt de substances nocives (Oeko-Tex Standard 100 - certification). Chaque vêtement est fait en vertu d'un processus manuel teinté avec des colorants à base d'eau et amicales avec l'environnement . Notre système d'impression est un processus unique qui permet d'imprimer directement sur les fibres des produits afin d'assurer réalisme et durabilité dans les couleurs . Merci à cela, nos vêtements peut être repassé sans perdre les propriétés.</p> <div style=""text-align: left;""> </div> <div style=""text-align: left;""> </div> <br /> <div style=""text-align: left;""><strong>Caractéristiques:</strong></div> <div style=""text-align: left;""> </div> <br /> <div> <ul> <li style=""text-align: left;"">100% coton premium</li> <li style=""text-align: left;"">Pré - lavé, toujours garde les propriétés</li> <li style=""text-align: left;"">Couleurs et Dessins, réalistes</li> <li style=""text-align: left;"">Colorants à base d'eau</li> <li style=""text-align: left;"">Libre de substances nocives (Certificación Oeko-Tex Standard 100)</li> <li style=""text-align: left;"">Respectueux avec la durabilité environnementale</li> </ul> </div> </div> <p> </p> <div style=""text-align: center;""> </div>",Zip up Hoodie Banana Diet Femme,"Vêtements full-printing imprimés en 3D. T-shirts, sweatshirts, chaussettes, débardeur, accessoires et bien plus encore. Tous imprimés sur full-printing  des dessins hyperréalistes.",zip-up-hoodie-banana-diet-femme
4381,Zip up Hoodie,Smoked Bart,Femme,Zip up Hoodie Smoked Bart Femme,"<div style=""text-align: center;""> <p style=""text-align: left;"">Nos vêtements ne rétrécissent pas et les coleurs disparaissent jamais. Nous utilisons des colorants naturels complètement exempt de substances nocives (Oeko-Tex Standard 100 - certification). Chaque vêtement est fait en vertu d'un processus manuel teinté avec des colorants à base d'eau et amicales avec l'environnement . Notre système d'impression est un processus unique qui permet d'imprimer directement sur les fibres des produits afin d'assurer réalisme et durabilité dans les couleurs . Merci à cela, nos vêtements peut être repassé sans perdre les propriétés.</p> <div style=""text-align: left;""> </div> <div style=""text-align: left;""> </div> <br /> <div style=""text-align: left;""><strong>Caractéristiques:</strong></div> <div style=""text-align: left;""> </div> <br /> <div> <ul> <li style=""text-align: left;"">100% coton premium</li> <li style=""text-align: left;"">Pré - lavé, toujours garde les propriétés</li> <li style=""text-align: left;"">Couleurs et Dessins, réalistes</li> <li style=""text-align: left;"">Colorants à base d'eau</li> <li style=""text-align: left;"">Libre de substances nocives (Certificación Oeko-Tex Standard 100)</li> <li style=""text-align: left;"">Respectueux avec la durabilité environnementale</li> </ul> </div> </div> <p> </p> <div style=""text-align: center;""> </div>",Zip up Hoodie Smoked Bart Femme,"Vêtements full-printing imprimés en 3D. T-shirts, sweatshirts, chaussettes, débardeur, accessoires et bien plus encore. Tous imprimés sur full-printing  des dessins hyperréalistes.",zip-up-hoodie-smoked-bart-femme
4382,Zip up Hoodie,Duck Donald Geometric,Femme,Zip up Hoodie Duck Donald Geometric Femme,"<div style=""text-align: center;""> <p style=""text-align: left;"">Nos vêtements ne rétrécissent pas et les coleurs disparaissent jamais. Nous utilisons des colorants naturels complètement exempt de substances nocives (Oeko-Tex Standard 100 - certification). Chaque vêtement est fait en vertu d'un processus manuel teinté avec des colorants à base d'eau et amicales avec l'environnement . Notre système d'impression est un processus unique qui permet d'imprimer directement sur les fibres des produits afin d'assurer réalisme et durabilité dans les couleurs . Merci à cela, nos vêtements peut être repassé sans perdre les propriétés.</p> <div style=""text-align: left;""> </div> <div style=""text-align: left;""> </div> <br /> <div style=""text-align: left;""><strong>Caractéristiques:</strong></div> <div style=""text-align: left;""> </div> <br /> <div> <ul> <li style=""text-align: left;"">100% coton premium</li> <li style=""text-align: left;"">Pré - lavé, toujours garde les propriétés</li> <li style=""text-align: left;"">Couleurs et Dessins, réalistes</li> <li style=""text-align: left;"">Colorants à base d'eau</li> <li style=""text-align: left;"">Libre de substances nocives (Certificación Oeko-Tex Standard 100)</li> <li style=""text-align: left;"">Respectueux avec la durabilité environnementale</li> </ul> </div> </div> <p> </p> <div style=""text-align: center;""> </div>",Zip up Hoodie Duck Donald Geometric Femme,"Vêtements full-printing imprimés en 3D. T-shirts, sweatshirts, chaussettes, débardeur, accessoires et bien plus encore. Tous imprimés sur full-printing  des dessins hyperréalistes.",zip-up-hoodie-duck-donald-geometric-femme
4383,Zip up Hoodie,Fashion Pikachu,Femme,Zip up Hoodie Fashion Pikachu Femme,"<div style=""text-align: center;""> <p style=""text-align: left;"">Nos vêtements ne rétrécissent pas et les coleurs disparaissent jamais. Nous utilisons des colorants naturels complètement exempt de substances nocives (Oeko-Tex Standard 100 - certification). Chaque vêtement est fait en vertu d'un processus manuel teinté avec des colorants à base d'eau et amicales avec l'environnement . Notre système d'impression est un processus unique qui permet d'imprimer directement sur les fibres des produits afin d'assurer réalisme et durabilité dans les couleurs . Merci à cela, nos vêtements peut être repassé sans perdre les propriétés.</p> <div style=""text-align: left;""> </div> <div style=""text-align: left;""> </div> <br /> <div style=""text-align: left;""><strong>Caractéristiques:</strong></div> <div style=""text-align: left;""> </div> <br /> <div> <ul> <li style=""text-align: left;"">100% coton premium</li> <li style=""text-align: left;"">Pré - lavé, toujours garde les propriétés</li> <li style=""text-align: left;"">Couleurs et Dessins, réalistes</li> <li style=""text-align: left;"">Colorants à base d'eau</li> <li style=""text-align: left;"">Libre de substances nocives (Certificación Oeko-Tex Standard 100)</li> <li style=""text-align: left;"">Respectueux avec la durabilité environnementale</li> </ul> </div> </div> <p> </p> <div style=""text-align: center;""> </div>",Zip up Hoodie Fashion Pikachu Femme,"Vêtements full-printing imprimés en 3D. T-shirts, sweatshirts, chaussettes, débardeur, accessoires et bien plus encore. Tous imprimés sur full-printing  des dessins hyperréalistes.",zip-up-hoodie-fashion-pikachu-femme
4384,Zip up Hoodie,Crazy Minnie,Femme,Zip up Hoodie Crazy Minnie Femme,"<div style=""text-align: center;""> <p style=""text-align: left;"">Nos vêtements ne rétrécissent pas et les coleurs disparaissent jamais. Nous utilisons des colorants naturels complètement exempt de substances nocives (Oeko-Tex Standard 100 - certification). Chaque vêtement est fait en vertu d'un processus manuel teinté avec des colorants à base d'eau et amicales avec l'environnement . Notre système d'impression est un processus unique qui permet d'imprimer directement sur les fibres des produits afin d'assurer réalisme et durabilité dans les couleurs . Merci à cela, nos vêtements peut être repassé sans perdre les propriétés.</p> <div style=""text-align: left;""> </div> <div style=""text-align: left;""> </div> <br /> <div style=""text-align: left;""><strong>Caractéristiques:</strong></div> <div style=""text-align: left;""> </div> <br /> <div> <ul> <li style=""text-align: left;"">100% coton premium</li> <li style=""text-align: left;"">Pré - lavé, toujours garde les propriétés</li> <li style=""text-align: left;"">Couleurs et Dessins, réalistes</li> <li style=""text-align: left;"">Colorants à base d'eau</li> <li style=""text-align: left;"">Libre de substances nocives (Certificación Oeko-Tex Standard 100)</li> <li style=""text-align: left;"">Respectueux avec la durabilité environnementale</li> </ul> </div> </div> <p> </p> <div style=""text-align: center;""> </div>",Zip up Hoodie Crazy Minnie Femme,"Vêtements full-printing imprimés en 3D. T-shirts, sweatshirts, chaussettes, débardeur, accessoires et bien plus encore. Tous imprimés sur full-printing  des dessins hyperréalistes.",zip-up-hoodie-crazy-minnie-femme
4385,Zip up Hoodie,Cannabis Ice,Femme,Zip up Hoodie Cannabis Ice Femme,"<div style=""text-align: center;""> <p style=""text-align: left;"">Nos vêtements ne rétrécissent pas et les coleurs disparaissent jamais. Nous utilisons des colorants naturels complètement exempt de substances nocives (Oeko-Tex Standard 100 - certification). Chaque vêtement est fait en vertu d'un processus manuel teinté avec des colorants à base d'eau et amicales avec l'environnement . Notre système d'impression est un processus unique qui permet d'imprimer directement sur les fibres des produits afin d'assurer réalisme et durabilité dans les couleurs . Merci à cela, nos vêtements peut être repassé sans perdre les propriétés.</p> <div style=""text-align: left;""> </div> <div style=""text-align: left;""> </div> <br /> <div style=""text-align: left;""><strong>Caractéristiques:</strong></div> <div style=""text-align: left;""> </div> <br /> <div> <ul> <li style=""text-align: left;"">100% coton premium</li> <li style=""text-align: left;"">Pré - lavé, toujours garde les propriétés</li> <li style=""text-align: left;"">Couleurs et Dessins, réalistes</li> <li style=""text-align: left;"">Colorants à base d'eau</li> <li style=""text-align: left;"">Libre de substances nocives (Certificación Oeko-Tex Standard 100)</li> <li style=""text-align: left;"">Respectueux avec la durabilité environnementale</li> </ul> </div> </div> <p> </p> <div style=""text-align: center;""> </div>",Zip up Hoodie Cannabis Ice Femme,"Vêtements full-printing imprimés en 3D. T-shirts, sweatshirts, chaussettes, débardeur, accessoires et bien plus encore. Tous imprimés sur full-printing  des dessins hyperréalistes.",zip-up-hoodie-cannabis-ice-femme
4386,Zip up Hoodie,Smile Dog,Femme,Zip up Hoodie Smile Dog Femme,"<div style=""text-align: center;""> <p style=""text-align: left;"">Nos vêtements ne rétrécissent pas et les coleurs disparaissent jamais. Nous utilisons des colorants naturels complètement exempt de substances nocives (Oeko-Tex Standard 100 - certification). Chaque vêtement est fait en vertu d'un processus manuel teinté avec des colorants à base d'eau et amicales avec l'environnement . Notre système d'impression est un processus unique qui permet d'imprimer directement sur les fibres des produits afin d'assurer réalisme et durabilité dans les couleurs . Merci à cela, nos vêtements peut être repassé sans perdre les propriétés.</p> <div style=""text-align: left;""> </div> <div style=""text-align: left;""> </div> <br /> <div style=""text-align: left;""><strong>Caractéristiques:</strong></div> <div style=""text-align: left;""> </div> <br /> <div> <ul> <li style=""text-align: left;"">100% coton premium</li> <li style=""text-align: left;"">Pré - lavé, toujours garde les propriétés</li> <li style=""text-align: left;"">Couleurs et Dessins, réalistes</li> <li style=""text-align: left;"">Colorants à base d'eau</li> <li style=""text-align: left;"">Libre de substances nocives (Certificación Oeko-Tex Standard 100)</li> <li style=""text-align: left;"">Respectueux avec la durabilité environnementale</li> </ul> </div> </div> <p> </p> <div style=""text-align: center;""> </div>",Zip up Hoodie Smile Dog Femme,"Vêtements full-printing imprimés en 3D. T-shirts, sweatshirts, chaussettes, débardeur, accessoires et bien plus encore. Tous imprimés sur full-printing  des dessins hyperréalistes.",zip-up-hoodie-smile-dog-femme
4387,Zip up Hoodie,The Mona Lisa,Femme,Zip up Hoodie The Mona Lisa Femme,"<div style=""text-align: center;""> <p style=""text-align: left;"">Nos vêtements ne rétrécissent pas et les coleurs disparaissent jamais. Nous utilisons des colorants naturels complètement exempt de substances nocives (Oeko-Tex Standard 100 - certification). Chaque vêtement est fait en vertu d'un processus manuel teinté avec des colorants à base d'eau et amicales avec l'environnement . Notre système d'impression est un processus unique qui permet d'imprimer directement sur les fibres des produits afin d'assurer réalisme et durabilité dans les couleurs . Merci à cela, nos vêtements peut être repassé sans perdre les propriétés.</p> <div style=""text-align: left;""> </div> <div style=""text-align: left;""> </div> <br /> <div style=""text-align: left;""><strong>Caractéristiques:</strong></div> <div style=""text-align: left;""> </div> <br /> <div> <ul> <li style=""text-align: left;"">100% coton premium</li> <li style=""text-align: left;"">Pré - lavé, toujours garde les propriétés</li> <li style=""text-align: left;"">Couleurs et Dessins, réalistes</li> <li style=""text-align: left;"">Colorants à base d'eau</li> <li style=""text-align: left;"">Libre de substances nocives (Certificación Oeko-Tex Standard 100)</li> <li style=""text-align: left;"">Respectueux avec la durabilité environnementale</li> </ul> </div> </div> <p> </p> <div style=""text-align: center;""> </div>",Zip up Hoodie The Mona Lisa Femme,"Vêtements full-printing imprimés en 3D. T-shirts, sweatshirts, chaussettes, débardeur, accessoires et bien plus encore. Tous imprimés sur full-printing  des dessins hyperréalistes.",zip-up-hoodie-the-mona-lisa-femme
4388,Zip up Hoodie,Pizza Party,Femme,Zip up Hoodie Pizza Party Femme,"<div style=""text-align: center;""> <p style=""text-align: left;"">Nos vêtements ne rétrécissent pas et les coleurs disparaissent jamais. Nous utilisons des colorants naturels complètement exempt de substances nocives (Oeko-Tex Standard 100 - certification). Chaque vêtement est fait en vertu d'un processus manuel teinté avec des colorants à base d'eau et amicales avec l'environnement . Notre système d'impression est un processus unique qui permet d'imprimer directement sur les fibres des produits afin d'assurer réalisme et durabilité dans les couleurs . Merci à cela, nos vêtements peut être repassé sans perdre les propriétés.</p> <div style=""text-align: left;""> </div> <div style=""text-align: left;""> </div> <br /> <div style=""text-align: left;""><strong>Caractéristiques:</strong></div> <div style=""text-align: left;""> </div> <br /> <div> <ul> <li style=""text-align: left;"">100% coton premium</li> <li style=""text-align: left;"">Pré - lavé, toujours garde les propriétés</li> <li style=""text-align: left;"">Couleurs et Dessins, réalistes</li> <li style=""text-align: left;"">Colorants à base d'eau</li> <li style=""text-align: left;"">Libre de substances nocives (Certificación Oeko-Tex Standard 100)</li> <li style=""text-align: left;"">Respectueux avec la durabilité environnementale</li> </ul> </div> </div> <p> </p> <div style=""text-align: center;""> </div>",Zip up Hoodie Pizza Party Femme,"Vêtements full-printing imprimés en 3D. T-shirts, sweatshirts, chaussettes, débardeur, accessoires et bien plus encore. Tous imprimés sur full-printing  des dessins hyperréalistes.",zip-up-hoodie-pizza-party-femme
4389,Zip up Hoodie,Psychedelic Art,Femme,Zip up Hoodie Psychedelic Art Femme,"<div style=""text-align: center;""> <p style=""text-align: left;"">Nos vêtements ne rétrécissent pas et les coleurs disparaissent jamais. Nous utilisons des colorants naturels complètement exempt de substances nocives (Oeko-Tex Standard 100 - certification). Chaque vêtement est fait en vertu d'un processus manuel teinté avec des colorants à base d'eau et amicales avec l'environnement . Notre système d'impression est un processus unique qui permet d'imprimer directement sur les fibres des produits afin d'assurer réalisme et durabilité dans les couleurs . Merci à cela, nos vêtements peut être repassé sans perdre les propriétés.</p> <div style=""text-align: left;""> </div> <div style=""text-align: left;""> </div> <br /> <div style=""text-align: left;""><strong>Caractéristiques:</strong></div> <div style=""text-align: left;""> </div> <br /> <div> <ul> <li style=""text-align: left;"">100% coton premium</li> <li style=""text-align: left;"">Pré - lavé, toujours garde les propriétés</li> <li style=""text-align: left;"">Couleurs et Dessins, réalistes</li> <li style=""text-align: left;"">Colorants à base d'eau</li> <li style=""text-align: left;"">Libre de substances nocives (Certificación Oeko-Tex Standard 100)</li> <li style=""text-align: left;"">Respectueux avec la durabilité environnementale</li> </ul> </div> </div> <p> </p> <div style=""text-align: center;""> </div>",Zip up Hoodie Psychedelic Art Femme,"Vêtements full-printing imprimés en 3D. T-shirts, sweatshirts, chaussettes, débardeur, accessoires et bien plus encore. Tous imprimés sur full-printing  des dessins hyperréalistes.",zip-up-hoodie-psychedelic-art-femme
4390,Zip up Hoodie,Peace,Femme,Zip up Hoodie Peace Femme,"<div style=""text-align: center;""> <p style=""text-align: left;"">Nos vêtements ne rétrécissent pas et les coleurs disparaissent jamais. Nous utilisons des colorants naturels complètement exempt de substances nocives (Oeko-Tex Standard 100 - certification). Chaque vêtement est fait en vertu d'un processus manuel teinté avec des colorants à base d'eau et amicales avec l'environnement . Notre système d'impression est un processus unique qui permet d'imprimer directement sur les fibres des produits afin d'assurer réalisme et durabilité dans les couleurs . Merci à cela, nos vêtements peut être repassé sans perdre les propriétés.</p> <div style=""text-align: left;""> </div> <div style=""text-align: left;""> </div> <br /> <div style=""text-align: left;""><strong>Caractéristiques:</strong></div> <div style=""text-align: left;""> </div> <br /> <div> <ul> <li style=""text-align: left;"">100% coton premium</li> <li style=""text-align: left;"">Pré - lavé, toujours garde les propriétés</li> <li style=""text-align: left;"">Couleurs et Dessins, réalistes</li> <li style=""text-align: left;"">Colorants à base d'eau</li> <li style=""text-align: left;"">Libre de substances nocives (Certificación Oeko-Tex Standard 100)</li> <li style=""text-align: left;"">Respectueux avec la durabilité environnementale</li> </ul> </div> </div> <p> </p> <div style=""text-align: center;""> </div>",Zip up Hoodie Peace Femme,"Vêtements full-printing imprimés en 3D. T-shirts, sweatshirts, chaussettes, débardeur, accessoires et bien plus encore. Tous imprimés sur full-printing  des dessins hyperréalistes.",zip-up-hoodie-peace-femme
4391,Zip up Hoodie,Green Goofy,Femme,Zip up Hoodie Green Goofy Femme,"<div style=""text-align: center;""> <p style=""text-align: left;"">Nos vêtements ne rétrécissent pas et les coleurs disparaissent jamais. Nous utilisons des colorants naturels complètement exempt de substances nocives (Oeko-Tex Standard 100 - certification). Chaque vêtement est fait en vertu d'un processus manuel teinté avec des colorants à base d'eau et amicales avec l'environnement . Notre système d'impression est un processus unique qui permet d'imprimer directement sur les fibres des produits afin d'assurer réalisme et durabilité dans les couleurs . Merci à cela, nos vêtements peut être repassé sans perdre les propriétés.</p> <div style=""text-align: left;""> </div> <div style=""text-align: left;""> </div> <br /> <div style=""text-align: left;""><strong>Caractéristiques:</strong></div> <div style=""text-align: left;""> </div> <br /> <div> <ul> <li style=""text-align: left;"">100% coton premium</li> <li style=""text-align: left;"">Pré - lavé, toujours garde les propriétés</li> <li style=""text-align: left;"">Couleurs et Dessins, réalistes</li> <li style=""text-align: left;"">Colorants à base d'eau</li> <li style=""text-align: left;"">Libre de substances nocives (Certificación Oeko-Tex Standard 100)</li> <li style=""text-align: left;"">Respectueux avec la durabilité environnementale</li> </ul> </div> </div> <p> </p> <div style=""text-align: center;""> </div>",Zip up Hoodie Green Goofy Femme,"Vêtements full-printing imprimés en 3D. T-shirts, sweatshirts, chaussettes, débardeur, accessoires et bien plus encore. Tous imprimés sur full-printing  des dessins hyperréalistes.",zip-up-hoodie-green-goofy-femme
4392,Zip up Hoodie,Millionaire Horse,Femme,Zip up Hoodie Millionaire Horse Femme,"<div style=""text-align: center;""> <p style=""text-align: left;"">Nos vêtements ne rétrécissent pas et les coleurs disparaissent jamais. Nous utilisons des colorants naturels complètement exempt de substances nocives (Oeko-Tex Standard 100 - certification). Chaque vêtement est fait en vertu d'un processus manuel teinté avec des colorants à base d'eau et amicales avec l'environnement . Notre système d'impression est un processus unique qui permet d'imprimer directement sur les fibres des produits afin d'assurer réalisme et durabilité dans les couleurs . Merci à cela, nos vêtements peut être repassé sans perdre les propriétés.</p> <div style=""text-align: left;""> </div> <div style=""text-align: left;""> </div> <br /> <div style=""text-align: left;""><strong>Caractéristiques:</strong></div> <div style=""text-align: left;""> </div> <br /> <div> <ul> <li style=""text-align: left;"">100% coton premium</li> <li style=""text-align: left;"">Pré - lavé, toujours garde les propriétés</li> <li style=""text-align: left;"">Couleurs et Dessins, réalistes</li> <li style=""text-align: left;"">Colorants à base d'eau</li> <li style=""text-align: left;"">Libre de substances nocives (Certificación Oeko-Tex Standard 100)</li> <li style=""text-align: left;"">Respectueux avec la durabilité environnementale</li> </ul> </div> </div> <p> </p> <div style=""text-align: center;""> </div>",Zip up Hoodie Millionaire Horse Femme,"Vêtements full-printing imprimés en 3D. T-shirts, sweatshirts, chaussettes, débardeur, accessoires et bien plus encore. Tous imprimés sur full-printing  des dessins hyperréalistes.",zip-up-hoodie-millionaire-horse-femme