ID,Activo (0/1),tmp-Tipo Prenda,tmp-Nombre artistico,tmp-Género,Nombre Completo,Categorías,Precio Unitario,SKU,Cantidad,Cantidad mínima,Descripción,Meta-título,Meta descripción,Enlace-reescrito,url imagen,Característica (Nombre:Valor:Posición:personalizado)
4644,1,Pantalón corto,True Love,Hombre,Pantalón corto True Love Hombre,198;70,"25,99$",CKMS001,1,1,"<div style=""text-align: center;""> <p style=""text-align: left;"">Ninguna prenda de TedClothing encoge o destiñe. Usamos tintes naturales y no tienen sustancias nocivas (Certificación Oeko-Tex Standard 100). Cada prenda se hace bajo un proceso de tintado manual, con tintes hechos a base de agua, que respetan el medio ambiente. Nuestro sistema de impresión, es un sistema exclusivo que imprime directamente sobre las fibras de los productos garantizando realismo en los colores y larga durabilidad. Gracias a esto nuestras prendas se pueden planchar sin que se ponga en riesgo ninguna de sus propiedades.</p> <div style=""text-align: left;""> </div> <div style=""text-align: left;""> </div> <br /> <div style=""text-align: left;""><strong>Características:</strong></div> <div style=""text-align: left;""> </div> <br /> <div> <ul> <li style=""text-align: left;"">100% algodón Premium</li> <li style=""text-align: left;"">Pre-lavadas, siempre conservan sus propiedades</li> <li style=""text-align: left;"">Colores y dibujos realistas</li> <li style=""text-align: left;"">Tintes hechos con base de agua</li> <li style=""text-align: left;"">Libre de sustancias nocivas (Certificación Oeko-Tex Standard 100)</li> <li style=""text-align: left;"">Respetuoso con la sostenibilidad del medio ambiente</li> </ul> </div> </div> <p> </p> <div style=""text-align: center;""> </div> <div style=""text-align: center;""> </div> <div style=""text-align: center;""> </div> <div style=""text-align: center;""> </div> <div style=""text-align: left;""><span style=""font-size: small; text-align: left;""> <img src=""https://www.tedclothing.com/img/house_keeper.png"" alt="""" /><img src=""https://www.tedclothing.com/img/no_admite_cloro.png"" alt="""" /><img src=""https://www.tedclothing.com/img/planchado_suave.png"" alt="""" /><img src=""https://www.tedclothing.com/img/secado_medio.png"" alt="""" /><img src=""https://www.tedclothing.com/img/lavar_a_maquina.png"" alt="""" /></span></div>",Pantalón corto True Love Hombre,"Ropa full-printing impresa en 3D. T-shirts, Sweatshirts, calcetines, Tank top, accesorios y mucho más. Todo impreso en algodón 100% con diseños hiperealistas.",Pantalón corto-true-love-mujer,https://www.tedclothing.com/img/subidas/CKMS001.jpg,Cuidado:Lavado facil. Maquina o a mano.:1;Envio:Envío gratuito en 10 días para pedidos superior a 50€. Para pedidos inferiores 50€ el coste de envío es de 9.99€.:2
4645,1,Pantalón corto,Love Mandala,Hombre,Pantalón corto Love Mandala Hombre,198;70,"25,99$",CKMS002,1,1,"<div style=""text-align: center;""> <p style=""text-align: left;"">Ninguna prenda de TedClothing encoge o destiñe. Usamos tintes naturales y no tienen sustancias nocivas (Certificación Oeko-Tex Standard 100). Cada prenda se hace bajo un proceso de tintado manual, con tintes hechos a base de agua, que respetan el medio ambiente. Nuestro sistema de impresión, es un sistema exclusivo que imprime directamente sobre las fibras de los productos garantizando realismo en los colores y larga durabilidad. Gracias a esto nuestras prendas se pueden planchar sin que se ponga en riesgo ninguna de sus propiedades.</p> <div style=""text-align: left;""> </div> <div style=""text-align: left;""> </div> <br /> <div style=""text-align: left;""><strong>Características:</strong></div> <div style=""text-align: left;""> </div> <br /> <div> <ul> <li style=""text-align: left;"">100% algodón Premium</li> <li style=""text-align: left;"">Pre-lavadas, siempre conservan sus propiedades</li> <li style=""text-align: left;"">Colores y dibujos realistas</li> <li style=""text-align: left;"">Tintes hechos con base de agua</li> <li style=""text-align: left;"">Libre de sustancias nocivas (Certificación Oeko-Tex Standard 100)</li> <li style=""text-align: left;"">Respetuoso con la sostenibilidad del medio ambiente</li> </ul> </div> </div> <p> </p> <div style=""text-align: center;""> </div> <div style=""text-align: center;""> </div> <div style=""text-align: center;""> </div> <div style=""text-align: center;""> </div> <div style=""text-align: left;""><span style=""font-size: small; text-align: left;""> <img src=""https://www.tedclothing.com/img/house_keeper.png"" alt="""" /><img src=""https://www.tedclothing.com/img/no_admite_cloro.png"" alt="""" /><img src=""https://www.tedclothing.com/img/planchado_suave.png"" alt="""" /><img src=""https://www.tedclothing.com/img/secado_medio.png"" alt="""" /><img src=""https://www.tedclothing.com/img/lavar_a_maquina.png"" alt="""" /></span></div>",Pantalón corto Love Mandala Hombre,"Ropa full-printing impresa en 3D. T-shirts, Sweatshirts, calcetines, Tank top, accesorios y mucho más. Todo impreso en algodón 100% con diseños hiperealistas.",Pantalón corto-love-mandala-mujer,https://www.tedclothing.com/img/subidas/CKMS002.jpg,Cuidado:Lavado facil. Maquina o a mano.:1;Envio:Envío gratuito en 10 días para pedidos superior a 50€. Para pedidos inferiores 50€ el coste de envío es de 9.99€.:2
4646,1,Pantalón corto,Geometric Mandala,Hombre,Pantalón corto Geometric Mandala Hombre,198;70,"25,99$",CKMS003,1,1,"<div style=""text-align: center;""> <p style=""text-align: left;"">Ninguna prenda de TedClothing encoge o destiñe. Usamos tintes naturales y no tienen sustancias nocivas (Certificación Oeko-Tex Standard 100). Cada prenda se hace bajo un proceso de tintado manual, con tintes hechos a base de agua, que respetan el medio ambiente. Nuestro sistema de impresión, es un sistema exclusivo que imprime directamente sobre las fibras de los productos garantizando realismo en los colores y larga durabilidad. Gracias a esto nuestras prendas se pueden planchar sin que se ponga en riesgo ninguna de sus propiedades.</p> <div style=""text-align: left;""> </div> <div style=""text-align: left;""> </div> <br /> <div style=""text-align: left;""><strong>Características:</strong></div> <div style=""text-align: left;""> </div> <br /> <div> <ul> <li style=""text-align: left;"">100% algodón Premium</li> <li style=""text-align: left;"">Pre-lavadas, siempre conservan sus propiedades</li> <li style=""text-align: left;"">Colores y dibujos realistas</li> <li style=""text-align: left;"">Tintes hechos con base de agua</li> <li style=""text-align: left;"">Libre de sustancias nocivas (Certificación Oeko-Tex Standard 100)</li> <li style=""text-align: left;"">Respetuoso con la sostenibilidad del medio ambiente</li> </ul> </div> </div> <p> </p> <div style=""text-align: center;""> </div> <div style=""text-align: center;""> </div> <div style=""text-align: center;""> </div> <div style=""text-align: center;""> </div> <div style=""text-align: left;""><span style=""font-size: small; text-align: left;""> <img src=""https://www.tedclothing.com/img/house_keeper.png"" alt="""" /><img src=""https://www.tedclothing.com/img/no_admite_cloro.png"" alt="""" /><img src=""https://www.tedclothing.com/img/planchado_suave.png"" alt="""" /><img src=""https://www.tedclothing.com/img/secado_medio.png"" alt="""" /><img src=""https://www.tedclothing.com/img/lavar_a_maquina.png"" alt="""" /></span></div>",Pantalón corto Geometric Mandala Hombre,"Ropa full-printing impresa en 3D. T-shirts, Sweatshirts, calcetines, Tank top, accesorios y mucho más. Todo impreso en algodón 100% con diseños hiperealistas.",Pantalón corto-geometric-mandala-mujer,https://www.tedclothing.com/img/subidas/CKMS003.jpg,Cuidado:Lavado facil. Maquina o a mano.:1;Envio:Envío gratuito en 10 días para pedidos superior a 50€. Para pedidos inferiores 50€ el coste de envío es de 9.99€.:2
4647,1,Pantalón corto,Purple Mandala,Hombre,Pantalón corto Purple Mandala Hombre,198;70,"25,99$",CKMS004,1,1,"<div style=""text-align: center;""> <p style=""text-align: left;"">Ninguna prenda de TedClothing encoge o destiñe. Usamos tintes naturales y no tienen sustancias nocivas (Certificación Oeko-Tex Standard 100). Cada prenda se hace bajo un proceso de tintado manual, con tintes hechos a base de agua, que respetan el medio ambiente. Nuestro sistema de impresión, es un sistema exclusivo que imprime directamente sobre las fibras de los productos garantizando realismo en los colores y larga durabilidad. Gracias a esto nuestras prendas se pueden planchar sin que se ponga en riesgo ninguna de sus propiedades.</p> <div style=""text-align: left;""> </div> <div style=""text-align: left;""> </div> <br /> <div style=""text-align: left;""><strong>Características:</strong></div> <div style=""text-align: left;""> </div> <br /> <div> <ul> <li style=""text-align: left;"">100% algodón Premium</li> <li style=""text-align: left;"">Pre-lavadas, siempre conservan sus propiedades</li> <li style=""text-align: left;"">Colores y dibujos realistas</li> <li style=""text-align: left;"">Tintes hechos con base de agua</li> <li style=""text-align: left;"">Libre de sustancias nocivas (Certificación Oeko-Tex Standard 100)</li> <li style=""text-align: left;"">Respetuoso con la sostenibilidad del medio ambiente</li> </ul> </div> </div> <p> </p> <div style=""text-align: center;""> </div> <div style=""text-align: center;""> </div> <div style=""text-align: center;""> </div> <div style=""text-align: center;""> </div> <div style=""text-align: left;""><span style=""font-size: small; text-align: left;""> <img src=""https://www.tedclothing.com/img/house_keeper.png"" alt="""" /><img src=""https://www.tedclothing.com/img/no_admite_cloro.png"" alt="""" /><img src=""https://www.tedclothing.com/img/planchado_suave.png"" alt="""" /><img src=""https://www.tedclothing.com/img/secado_medio.png"" alt="""" /><img src=""https://www.tedclothing.com/img/lavar_a_maquina.png"" alt="""" /></span></div>",Pantalón corto Purple Mandala Hombre,"Ropa full-printing impresa en 3D. T-shirts, Sweatshirts, calcetines, Tank top, accesorios y mucho más. Todo impreso en algodón 100% con diseños hiperealistas.",Pantalón corto-purple-mandala-mujer,https://www.tedclothing.com/img/subidas/CKMS004.jpg,Cuidado:Lavado facil. Maquina o a mano.:1;Envio:Envío gratuito en 10 días para pedidos superior a 50€. Para pedidos inferiores 50€ el coste de envío es de 9.99€.:2
4648,1,Pantalón corto,Colors Mandala ,Hombre,Pantalón corto Colors Mandala  Hombre,198;70,"25,99$",CKMS005,1,1,"<div style=""text-align: center;""> <p style=""text-align: left;"">Ninguna prenda de TedClothing encoge o destiñe. Usamos tintes naturales y no tienen sustancias nocivas (Certificación Oeko-Tex Standard 100). Cada prenda se hace bajo un proceso de tintado manual, con tintes hechos a base de agua, que respetan el medio ambiente. Nuestro sistema de impresión, es un sistema exclusivo que imprime directamente sobre las fibras de los productos garantizando realismo en los colores y larga durabilidad. Gracias a esto nuestras prendas se pueden planchar sin que se ponga en riesgo ninguna de sus propiedades.</p> <div style=""text-align: left;""> </div> <div style=""text-align: left;""> </div> <br /> <div style=""text-align: left;""><strong>Características:</strong></div> <div style=""text-align: left;""> </div> <br /> <div> <ul> <li style=""text-align: left;"">100% algodón Premium</li> <li style=""text-align: left;"">Pre-lavadas, siempre conservan sus propiedades</li> <li style=""text-align: left;"">Colores y dibujos realistas</li> <li style=""text-align: left;"">Tintes hechos con base de agua</li> <li style=""text-align: left;"">Libre de sustancias nocivas (Certificación Oeko-Tex Standard 100)</li> <li style=""text-align: left;"">Respetuoso con la sostenibilidad del medio ambiente</li> </ul> </div> </div> <p> </p> <div style=""text-align: center;""> </div> <div style=""text-align: center;""> </div> <div style=""text-align: center;""> </div> <div style=""text-align: center;""> </div> <div style=""text-align: left;""><span style=""font-size: small; text-align: left;""> <img src=""https://www.tedclothing.com/img/house_keeper.png"" alt="""" /><img src=""https://www.tedclothing.com/img/no_admite_cloro.png"" alt="""" /><img src=""https://www.tedclothing.com/img/planchado_suave.png"" alt="""" /><img src=""https://www.tedclothing.com/img/secado_medio.png"" alt="""" /><img src=""https://www.tedclothing.com/img/lavar_a_maquina.png"" alt="""" /></span></div>",Pantalón corto Colors Mandala  Hombre,"Ropa full-printing impresa en 3D. T-shirts, Sweatshirts, calcetines, Tank top, accesorios y mucho más. Todo impreso en algodón 100% con diseños hiperealistas.",Pantalón corto-colors-mandala-mujer,https://www.tedclothing.com/img/subidas/CKMS005.jpg,Cuidado:Lavado facil. Maquina o a mano.:1;Envio:Envío gratuito en 10 días para pedidos superior a 50€. Para pedidos inferiores 50€ el coste de envío es de 9.99€.:2
4649,1,Pantalón corto,Acid Colors,Hombre,Pantalón corto Acid Colors Hombre,198;70,"25,99$",CKMS006,1,1,"<div style=""text-align: center;""> <p style=""text-align: left;"">Ninguna prenda de TedClothing encoge o destiñe. Usamos tintes naturales y no tienen sustancias nocivas (Certificación Oeko-Tex Standard 100). Cada prenda se hace bajo un proceso de tintado manual, con tintes hechos a base de agua, que respetan el medio ambiente. Nuestro sistema de impresión, es un sistema exclusivo que imprime directamente sobre las fibras de los productos garantizando realismo en los colores y larga durabilidad. Gracias a esto nuestras prendas se pueden planchar sin que se ponga en riesgo ninguna de sus propiedades.</p> <div style=""text-align: left;""> </div> <div style=""text-align: left;""> </div> <br /> <div style=""text-align: left;""><strong>Características:</strong></div> <div style=""text-align: left;""> </div> <br /> <div> <ul> <li style=""text-align: left;"">100% algodón Premium</li> <li style=""text-align: left;"">Pre-lavadas, siempre conservan sus propiedades</li> <li style=""text-align: left;"">Colores y dibujos realistas</li> <li style=""text-align: left;"">Tintes hechos con base de agua</li> <li style=""text-align: left;"">Libre de sustancias nocivas (Certificación Oeko-Tex Standard 100)</li> <li style=""text-align: left;"">Respetuoso con la sostenibilidad del medio ambiente</li> </ul> </div> </div> <p> </p> <div style=""text-align: center;""> </div> <div style=""text-align: center;""> </div> <div style=""text-align: center;""> </div> <div style=""text-align: center;""> </div> <div style=""text-align: left;""><span style=""font-size: small; text-align: left;""> <img src=""https://www.tedclothing.com/img/house_keeper.png"" alt="""" /><img src=""https://www.tedclothing.com/img/no_admite_cloro.png"" alt="""" /><img src=""https://www.tedclothing.com/img/planchado_suave.png"" alt="""" /><img src=""https://www.tedclothing.com/img/secado_medio.png"" alt="""" /><img src=""https://www.tedclothing.com/img/lavar_a_maquina.png"" alt="""" /></span></div>",Pantalón corto Acid Colors Hombre,"Ropa full-printing impresa en 3D. T-shirts, Sweatshirts, calcetines, Tank top, accesorios y mucho más. Todo impreso en algodón 100% con diseños hiperealistas.",Pantalón corto-acid-colors-mujer,https://www.tedclothing.com/img/subidas/CKMS006.jpg,Cuidado:Lavado facil. Maquina o a mano.:1;Envio:Envío gratuito en 10 días para pedidos superior a 50€. Para pedidos inferiores 50€ el coste de envío es de 9.99€.:2
4650,1,Pantalón corto,Colors Sky,Hombre,Pantalón corto Colors Sky Hombre,198;70,"25,99$",CKMS007,1,1,"<div style=""text-align: center;""> <p style=""text-align: left;"">Ninguna prenda de TedClothing encoge o destiñe. Usamos tintes naturales y no tienen sustancias nocivas (Certificación Oeko-Tex Standard 100). Cada prenda se hace bajo un proceso de tintado manual, con tintes hechos a base de agua, que respetan el medio ambiente. Nuestro sistema de impresión, es un sistema exclusivo que imprime directamente sobre las fibras de los productos garantizando realismo en los colores y larga durabilidad. Gracias a esto nuestras prendas se pueden planchar sin que se ponga en riesgo ninguna de sus propiedades.</p> <div style=""text-align: left;""> </div> <div style=""text-align: left;""> </div> <br /> <div style=""text-align: left;""><strong>Características:</strong></div> <div style=""text-align: left;""> </div> <br /> <div> <ul> <li style=""text-align: left;"">100% algodón Premium</li> <li style=""text-align: left;"">Pre-lavadas, siempre conservan sus propiedades</li> <li style=""text-align: left;"">Colores y dibujos realistas</li> <li style=""text-align: left;"">Tintes hechos con base de agua</li> <li style=""text-align: left;"">Libre de sustancias nocivas (Certificación Oeko-Tex Standard 100)</li> <li style=""text-align: left;"">Respetuoso con la sostenibilidad del medio ambiente</li> </ul> </div> </div> <p> </p> <div style=""text-align: center;""> </div> <div style=""text-align: center;""> </div> <div style=""text-align: center;""> </div> <div style=""text-align: center;""> </div> <div style=""text-align: left;""><span style=""font-size: small; text-align: left;""> <img src=""https://www.tedclothing.com/img/house_keeper.png"" alt="""" /><img src=""https://www.tedclothing.com/img/no_admite_cloro.png"" alt="""" /><img src=""https://www.tedclothing.com/img/planchado_suave.png"" alt="""" /><img src=""https://www.tedclothing.com/img/secado_medio.png"" alt="""" /><img src=""https://www.tedclothing.com/img/lavar_a_maquina.png"" alt="""" /></span></div>",Pantalón corto Colors Sky Hombre,"Ropa full-printing impresa en 3D. T-shirts, Sweatshirts, calcetines, Tank top, accesorios y mucho más. Todo impreso en algodón 100% con diseños hiperealistas.",Pantalón corto-colors-sky-mujer,https://www.tedclothing.com/img/subidas/CKMS007.jpg,Cuidado:Lavado facil. Maquina o a mano.:1;Envio:Envío gratuito en 10 días para pedidos superior a 50€. Para pedidos inferiores 50€ el coste de envío es de 9.99€.:2
4651,1,Pantalón corto,Colors Foam,Hombre,Pantalón corto Colors Foam Hombre,198;70,"25,99$",CKMS008,1,1,"<div style=""text-align: center;""> <p style=""text-align: left;"">Ninguna prenda de TedClothing encoge o destiñe. Usamos tintes naturales y no tienen sustancias nocivas (Certificación Oeko-Tex Standard 100). Cada prenda se hace bajo un proceso de tintado manual, con tintes hechos a base de agua, que respetan el medio ambiente. Nuestro sistema de impresión, es un sistema exclusivo que imprime directamente sobre las fibras de los productos garantizando realismo en los colores y larga durabilidad. Gracias a esto nuestras prendas se pueden planchar sin que se ponga en riesgo ninguna de sus propiedades.</p> <div style=""text-align: left;""> </div> <div style=""text-align: left;""> </div> <br /> <div style=""text-align: left;""><strong>Características:</strong></div> <div style=""text-align: left;""> </div> <br /> <div> <ul> <li style=""text-align: left;"">100% algodón Premium</li> <li style=""text-align: left;"">Pre-lavadas, siempre conservan sus propiedades</li> <li style=""text-align: left;"">Colores y dibujos realistas</li> <li style=""text-align: left;"">Tintes hechos con base de agua</li> <li style=""text-align: left;"">Libre de sustancias nocivas (Certificación Oeko-Tex Standard 100)</li> <li style=""text-align: left;"">Respetuoso con la sostenibilidad del medio ambiente</li> </ul> </div> </div> <p> </p> <div style=""text-align: center;""> </div> <div style=""text-align: center;""> </div> <div style=""text-align: center;""> </div> <div style=""text-align: center;""> </div> <div style=""text-align: left;""><span style=""font-size: small; text-align: left;""> <img src=""https://www.tedclothing.com/img/house_keeper.png"" alt="""" /><img src=""https://www.tedclothing.com/img/no_admite_cloro.png"" alt="""" /><img src=""https://www.tedclothing.com/img/planchado_suave.png"" alt="""" /><img src=""https://www.tedclothing.com/img/secado_medio.png"" alt="""" /><img src=""https://www.tedclothing.com/img/lavar_a_maquina.png"" alt="""" /></span></div>",Pantalón corto Colors Foam Hombre,"Ropa full-printing impresa en 3D. T-shirts, Sweatshirts, calcetines, Tank top, accesorios y mucho más. Todo impreso en algodón 100% con diseños hiperealistas.",Pantalón corto-colors-foam-mujer,https://www.tedclothing.com/img/subidas/CKMS008.jpg,Cuidado:Lavado facil. Maquina o a mano.:1;Envio:Envío gratuito en 10 días para pedidos superior a 50€. Para pedidos inferiores 50€ el coste de envío es de 9.99€.:2
4652,1,Pantalón corto,Neon,Hombre,Pantalón corto Neon Hombre,198;70,"25,99$",CKMS009,1,1,"<div style=""text-align: center;""> <p style=""text-align: left;"">Ninguna prenda de TedClothing encoge o destiñe. Usamos tintes naturales y no tienen sustancias nocivas (Certificación Oeko-Tex Standard 100). Cada prenda se hace bajo un proceso de tintado manual, con tintes hechos a base de agua, que respetan el medio ambiente. Nuestro sistema de impresión, es un sistema exclusivo que imprime directamente sobre las fibras de los productos garantizando realismo en los colores y larga durabilidad. Gracias a esto nuestras prendas se pueden planchar sin que se ponga en riesgo ninguna de sus propiedades.</p> <div style=""text-align: left;""> </div> <div style=""text-align: left;""> </div> <br /> <div style=""text-align: left;""><strong>Características:</strong></div> <div style=""text-align: left;""> </div> <br /> <div> <ul> <li style=""text-align: left;"">100% algodón Premium</li> <li style=""text-align: left;"">Pre-lavadas, siempre conservan sus propiedades</li> <li style=""text-align: left;"">Colores y dibujos realistas</li> <li style=""text-align: left;"">Tintes hechos con base de agua</li> <li style=""text-align: left;"">Libre de sustancias nocivas (Certificación Oeko-Tex Standard 100)</li> <li style=""text-align: left;"">Respetuoso con la sostenibilidad del medio ambiente</li> </ul> </div> </div> <p> </p> <div style=""text-align: center;""> </div> <div style=""text-align: center;""> </div> <div style=""text-align: center;""> </div> <div style=""text-align: center;""> </div> <div style=""text-align: left;""><span style=""font-size: small; text-align: left;""> <img src=""https://www.tedclothing.com/img/house_keeper.png"" alt="""" /><img src=""https://www.tedclothing.com/img/no_admite_cloro.png"" alt="""" /><img src=""https://www.tedclothing.com/img/planchado_suave.png"" alt="""" /><img src=""https://www.tedclothing.com/img/secado_medio.png"" alt="""" /><img src=""https://www.tedclothing.com/img/lavar_a_maquina.png"" alt="""" /></span></div>",Pantalón corto Neon Hombre,"Ropa full-printing impresa en 3D. T-shirts, Sweatshirts, calcetines, Tank top, accesorios y mucho más. Todo impreso en algodón 100% con diseños hiperealistas.",Pantalón corto-neon-mujer,https://www.tedclothing.com/img/subidas/CKMS009.jpg,Cuidado:Lavado facil. Maquina o a mano.:1;Envio:Envío gratuito en 10 días para pedidos superior a 50€. Para pedidos inferiores 50€ el coste de envío es de 9.99€.:2
4653,1,Pantalón corto,Abstract Diamond,Hombre,Pantalón corto Abstract Diamond Hombre,198;70,"25,99$",CKMS010,1,1,"<div style=""text-align: center;""> <p style=""text-align: left;"">Ninguna prenda de TedClothing encoge o destiñe. Usamos tintes naturales y no tienen sustancias nocivas (Certificación Oeko-Tex Standard 100). Cada prenda se hace bajo un proceso de tintado manual, con tintes hechos a base de agua, que respetan el medio ambiente. Nuestro sistema de impresión, es un sistema exclusivo que imprime directamente sobre las fibras de los productos garantizando realismo en los colores y larga durabilidad. Gracias a esto nuestras prendas se pueden planchar sin que se ponga en riesgo ninguna de sus propiedades.</p> <div style=""text-align: left;""> </div> <div style=""text-align: left;""> </div> <br /> <div style=""text-align: left;""><strong>Características:</strong></div> <div style=""text-align: left;""> </div> <br /> <div> <ul> <li style=""text-align: left;"">100% algodón Premium</li> <li style=""text-align: left;"">Pre-lavadas, siempre conservan sus propiedades</li> <li style=""text-align: left;"">Colores y dibujos realistas</li> <li style=""text-align: left;"">Tintes hechos con base de agua</li> <li style=""text-align: left;"">Libre de sustancias nocivas (Certificación Oeko-Tex Standard 100)</li> <li style=""text-align: left;"">Respetuoso con la sostenibilidad del medio ambiente</li> </ul> </div> </div> <p> </p> <div style=""text-align: center;""> </div> <div style=""text-align: center;""> </div> <div style=""text-align: center;""> </div> <div style=""text-align: center;""> </div> <div style=""text-align: left;""><span style=""font-size: small; text-align: left;""> <img src=""https://www.tedclothing.com/img/house_keeper.png"" alt="""" /><img src=""https://www.tedclothing.com/img/no_admite_cloro.png"" alt="""" /><img src=""https://www.tedclothing.com/img/planchado_suave.png"" alt="""" /><img src=""https://www.tedclothing.com/img/secado_medio.png"" alt="""" /><img src=""https://www.tedclothing.com/img/lavar_a_maquina.png"" alt="""" /></span></div>",Pantalón corto Abstract Diamond Hombre,"Ropa full-printing impresa en 3D. T-shirts, Sweatshirts, calcetines, Tank top, accesorios y mucho más. Todo impreso en algodón 100% con diseños hiperealistas.",Pantalón corto-abstract-diamond-mujer,https://www.tedclothing.com/img/subidas/CKMS010.jpg,Cuidado:Lavado facil. Maquina o a mano.:1;Envio:Envío gratuito en 10 días para pedidos superior a 50€. Para pedidos inferiores 50€ el coste de envío es de 9.99€.:2
4654,1,Pantalón corto,Colors Lines,Hombre,Pantalón corto Colors Lines Hombre,198;70,"25,99$",CKMS011,1,1,"<div style=""text-align: center;""> <p style=""text-align: left;"">Ninguna prenda de TedClothing encoge o destiñe. Usamos tintes naturales y no tienen sustancias nocivas (Certificación Oeko-Tex Standard 100). Cada prenda se hace bajo un proceso de tintado manual, con tintes hechos a base de agua, que respetan el medio ambiente. Nuestro sistema de impresión, es un sistema exclusivo que imprime directamente sobre las fibras de los productos garantizando realismo en los colores y larga durabilidad. Gracias a esto nuestras prendas se pueden planchar sin que se ponga en riesgo ninguna de sus propiedades.</p> <div style=""text-align: left;""> </div> <div style=""text-align: left;""> </div> <br /> <div style=""text-align: left;""><strong>Características:</strong></div> <div style=""text-align: left;""> </div> <br /> <div> <ul> <li style=""text-align: left;"">100% algodón Premium</li> <li style=""text-align: left;"">Pre-lavadas, siempre conservan sus propiedades</li> <li style=""text-align: left;"">Colores y dibujos realistas</li> <li style=""text-align: left;"">Tintes hechos con base de agua</li> <li style=""text-align: left;"">Libre de sustancias nocivas (Certificación Oeko-Tex Standard 100)</li> <li style=""text-align: left;"">Respetuoso con la sostenibilidad del medio ambiente</li> </ul> </div> </div> <p> </p> <div style=""text-align: center;""> </div> <div style=""text-align: center;""> </div> <div style=""text-align: center;""> </div> <div style=""text-align: center;""> </div> <div style=""text-align: left;""><span style=""font-size: small; text-align: left;""> <img src=""https://www.tedclothing.com/img/house_keeper.png"" alt="""" /><img src=""https://www.tedclothing.com/img/no_admite_cloro.png"" alt="""" /><img src=""https://www.tedclothing.com/img/planchado_suave.png"" alt="""" /><img src=""https://www.tedclothing.com/img/secado_medio.png"" alt="""" /><img src=""https://www.tedclothing.com/img/lavar_a_maquina.png"" alt="""" /></span></div>",Pantalón corto Colors Lines Hombre,"Ropa full-printing impresa en 3D. T-shirts, Sweatshirts, calcetines, Tank top, accesorios y mucho más. Todo impreso en algodón 100% con diseños hiperealistas.",Pantalón corto-colors-lines-mujer,https://www.tedclothing.com/img/subidas/CKMS011.jpg,Cuidado:Lavado facil. Maquina o a mano.:1;Envio:Envío gratuito en 10 días para pedidos superior a 50€. Para pedidos inferiores 50€ el coste de envío es de 9.99€.:2
4655,1,Pantalón corto,Red Skye,Hombre,Pantalón corto Red Skye Hombre,198;70,"25,99$",CKMS012,1,1,"<div style=""text-align: center;""> <p style=""text-align: left;"">Ninguna prenda de TedClothing encoge o destiñe. Usamos tintes naturales y no tienen sustancias nocivas (Certificación Oeko-Tex Standard 100). Cada prenda se hace bajo un proceso de tintado manual, con tintes hechos a base de agua, que respetan el medio ambiente. Nuestro sistema de impresión, es un sistema exclusivo que imprime directamente sobre las fibras de los productos garantizando realismo en los colores y larga durabilidad. Gracias a esto nuestras prendas se pueden planchar sin que se ponga en riesgo ninguna de sus propiedades.</p> <div style=""text-align: left;""> </div> <div style=""text-align: left;""> </div> <br /> <div style=""text-align: left;""><strong>Características:</strong></div> <div style=""text-align: left;""> </div> <br /> <div> <ul> <li style=""text-align: left;"">100% algodón Premium</li> <li style=""text-align: left;"">Pre-lavadas, siempre conservan sus propiedades</li> <li style=""text-align: left;"">Colores y dibujos realistas</li> <li style=""text-align: left;"">Tintes hechos con base de agua</li> <li style=""text-align: left;"">Libre de sustancias nocivas (Certificación Oeko-Tex Standard 100)</li> <li style=""text-align: left;"">Respetuoso con la sostenibilidad del medio ambiente</li> </ul> </div> </div> <p> </p> <div style=""text-align: center;""> </div> <div style=""text-align: center;""> </div> <div style=""text-align: center;""> </div> <div style=""text-align: center;""> </div> <div style=""text-align: left;""><span style=""font-size: small; text-align: left;""> <img src=""https://www.tedclothing.com/img/house_keeper.png"" alt="""" /><img src=""https://www.tedclothing.com/img/no_admite_cloro.png"" alt="""" /><img src=""https://www.tedclothing.com/img/planchado_suave.png"" alt="""" /><img src=""https://www.tedclothing.com/img/secado_medio.png"" alt="""" /><img src=""https://www.tedclothing.com/img/lavar_a_maquina.png"" alt="""" /></span></div>",Pantalón corto Red Skye Hombre,"Ropa full-printing impresa en 3D. T-shirts, Sweatshirts, calcetines, Tank top, accesorios y mucho más. Todo impreso en algodón 100% con diseños hiperealistas.",Pantalón corto-red-skye-mujer,https://www.tedclothing.com/img/subidas/CKMS012.jpg,Cuidado:Lavado facil. Maquina o a mano.:1;Envio:Envío gratuito en 10 días para pedidos superior a 50€. Para pedidos inferiores 50€ el coste de envío es de 9.99€.:2
4656,1,Pantalón corto,Multicolored Acid,Hombre,Pantalón corto Multicolored Acid Hombre,198;70,"25,99$",CKMS013,1,1,"<div style=""text-align: center;""> <p style=""text-align: left;"">Ninguna prenda de TedClothing encoge o destiñe. Usamos tintes naturales y no tienen sustancias nocivas (Certificación Oeko-Tex Standard 100). Cada prenda se hace bajo un proceso de tintado manual, con tintes hechos a base de agua, que respetan el medio ambiente. Nuestro sistema de impresión, es un sistema exclusivo que imprime directamente sobre las fibras de los productos garantizando realismo en los colores y larga durabilidad. Gracias a esto nuestras prendas se pueden planchar sin que se ponga en riesgo ninguna de sus propiedades.</p> <div style=""text-align: left;""> </div> <div style=""text-align: left;""> </div> <br /> <div style=""text-align: left;""><strong>Características:</strong></div> <div style=""text-align: left;""> </div> <br /> <div> <ul> <li style=""text-align: left;"">100% algodón Premium</li> <li style=""text-align: left;"">Pre-lavadas, siempre conservan sus propiedades</li> <li style=""text-align: left;"">Colores y dibujos realistas</li> <li style=""text-align: left;"">Tintes hechos con base de agua</li> <li style=""text-align: left;"">Libre de sustancias nocivas (Certificación Oeko-Tex Standard 100)</li> <li style=""text-align: left;"">Respetuoso con la sostenibilidad del medio ambiente</li> </ul> </div> </div> <p> </p> <div style=""text-align: center;""> </div> <div style=""text-align: center;""> </div> <div style=""text-align: center;""> </div> <div style=""text-align: center;""> </div> <div style=""text-align: left;""><span style=""font-size: small; text-align: left;""> <img src=""https://www.tedclothing.com/img/house_keeper.png"" alt="""" /><img src=""https://www.tedclothing.com/img/no_admite_cloro.png"" alt="""" /><img src=""https://www.tedclothing.com/img/planchado_suave.png"" alt="""" /><img src=""https://www.tedclothing.com/img/secado_medio.png"" alt="""" /><img src=""https://www.tedclothing.com/img/lavar_a_maquina.png"" alt="""" /></span></div>",Pantalón corto Multicolored Acid Hombre,"Ropa full-printing impresa en 3D. T-shirts, Sweatshirts, calcetines, Tank top, accesorios y mucho más. Todo impreso en algodón 100% con diseños hiperealistas.",Pantalón corto-multicolored-acid-mujer,https://www.tedclothing.com/img/subidas/CKMS013.jpg,Cuidado:Lavado facil. Maquina o a mano.:1;Envio:Envío gratuito en 10 días para pedidos superior a 50€. Para pedidos inferiores 50€ el coste de envío es de 9.99€.:2
4657,1,Pantalón corto,Acid Green Sky,Hombre,Pantalón corto Acid Green Sky Hombre,198;70,"25,99$",CKMS014,1,1,"<div style=""text-align: center;""> <p style=""text-align: left;"">Ninguna prenda de TedClothing encoge o destiñe. Usamos tintes naturales y no tienen sustancias nocivas (Certificación Oeko-Tex Standard 100). Cada prenda se hace bajo un proceso de tintado manual, con tintes hechos a base de agua, que respetan el medio ambiente. Nuestro sistema de impresión, es un sistema exclusivo que imprime directamente sobre las fibras de los productos garantizando realismo en los colores y larga durabilidad. Gracias a esto nuestras prendas se pueden planchar sin que se ponga en riesgo ninguna de sus propiedades.</p> <div style=""text-align: left;""> </div> <div style=""text-align: left;""> </div> <br /> <div style=""text-align: left;""><strong>Características:</strong></div> <div style=""text-align: left;""> </div> <br /> <div> <ul> <li style=""text-align: left;"">100% algodón Premium</li> <li style=""text-align: left;"">Pre-lavadas, siempre conservan sus propiedades</li> <li style=""text-align: left;"">Colores y dibujos realistas</li> <li style=""text-align: left;"">Tintes hechos con base de agua</li> <li style=""text-align: left;"">Libre de sustancias nocivas (Certificación Oeko-Tex Standard 100)</li> <li style=""text-align: left;"">Respetuoso con la sostenibilidad del medio ambiente</li> </ul> </div> </div> <p> </p> <div style=""text-align: center;""> </div> <div style=""text-align: center;""> </div> <div style=""text-align: center;""> </div> <div style=""text-align: center;""> </div> <div style=""text-align: left;""><span style=""font-size: small; text-align: left;""> <img src=""https://www.tedclothing.com/img/house_keeper.png"" alt="""" /><img src=""https://www.tedclothing.com/img/no_admite_cloro.png"" alt="""" /><img src=""https://www.tedclothing.com/img/planchado_suave.png"" alt="""" /><img src=""https://www.tedclothing.com/img/secado_medio.png"" alt="""" /><img src=""https://www.tedclothing.com/img/lavar_a_maquina.png"" alt="""" /></span></div>",Pantalón corto Acid Green Sky Hombre,"Ropa full-printing impresa en 3D. T-shirts, Sweatshirts, calcetines, Tank top, accesorios y mucho más. Todo impreso en algodón 100% con diseños hiperealistas.",Pantalón corto-acid-green-sky-mujer,https://www.tedclothing.com/img/subidas/CKMS014.jpg,Cuidado:Lavado facil. Maquina o a mano.:1;Envio:Envío gratuito en 10 días para pedidos superior a 50€. Para pedidos inferiores 50€ el coste de envío es de 9.99€.:2
4658,1,Pantalón corto,Candy Colors,Hombre,Pantalón corto Candy Colors Hombre,198;70,"25,99$",CKMS015,1,1,"<div style=""text-align: center;""> <p style=""text-align: left;"">Ninguna prenda de TedClothing encoge o destiñe. Usamos tintes naturales y no tienen sustancias nocivas (Certificación Oeko-Tex Standard 100). Cada prenda se hace bajo un proceso de tintado manual, con tintes hechos a base de agua, que respetan el medio ambiente. Nuestro sistema de impresión, es un sistema exclusivo que imprime directamente sobre las fibras de los productos garantizando realismo en los colores y larga durabilidad. Gracias a esto nuestras prendas se pueden planchar sin que se ponga en riesgo ninguna de sus propiedades.</p> <div style=""text-align: left;""> </div> <div style=""text-align: left;""> </div> <br /> <div style=""text-align: left;""><strong>Características:</strong></div> <div style=""text-align: left;""> </div> <br /> <div> <ul> <li style=""text-align: left;"">100% algodón Premium</li> <li style=""text-align: left;"">Pre-lavadas, siempre conservan sus propiedades</li> <li style=""text-align: left;"">Colores y dibujos realistas</li> <li style=""text-align: left;"">Tintes hechos con base de agua</li> <li style=""text-align: left;"">Libre de sustancias nocivas (Certificación Oeko-Tex Standard 100)</li> <li style=""text-align: left;"">Respetuoso con la sostenibilidad del medio ambiente</li> </ul> </div> </div> <p> </p> <div style=""text-align: center;""> </div> <div style=""text-align: center;""> </div> <div style=""text-align: center;""> </div> <div style=""text-align: center;""> </div> <div style=""text-align: left;""><span style=""font-size: small; text-align: left;""> <img src=""https://www.tedclothing.com/img/house_keeper.png"" alt="""" /><img src=""https://www.tedclothing.com/img/no_admite_cloro.png"" alt="""" /><img src=""https://www.tedclothing.com/img/planchado_suave.png"" alt="""" /><img src=""https://www.tedclothing.com/img/secado_medio.png"" alt="""" /><img src=""https://www.tedclothing.com/img/lavar_a_maquina.png"" alt="""" /></span></div>",Pantalón corto Candy Colors Hombre,"Ropa full-printing impresa en 3D. T-shirts, Sweatshirts, calcetines, Tank top, accesorios y mucho más. Todo impreso en algodón 100% con diseños hiperealistas.",Pantalón corto-candy-colors-mujer,https://www.tedclothing.com/img/subidas/CKMS015.jpg,Cuidado:Lavado facil. Maquina o a mano.:1;Envio:Envío gratuito en 10 días para pedidos superior a 50€. Para pedidos inferiores 50€ el coste de envío es de 9.99€.:2
4659,1,Pantalón corto,Delicious Food,Hombre,Pantalón corto Delicious Food Hombre,198;70,"25,99$",CSMS026,1,1,"<div style=""text-align: center;""> <p style=""text-align: left;"">Ninguna prenda de TedClothing encoge o destiñe. Usamos tintes naturales y no tienen sustancias nocivas (Certificación Oeko-Tex Standard 100). Cada prenda se hace bajo un proceso de tintado manual, con tintes hechos a base de agua, que respetan el medio ambiente. Nuestro sistema de impresión, es un sistema exclusivo que imprime directamente sobre las fibras de los productos garantizando realismo en los colores y larga durabilidad. Gracias a esto nuestras prendas se pueden planchar sin que se ponga en riesgo ninguna de sus propiedades.</p> <div style=""text-align: left;""> </div> <div style=""text-align: left;""> </div> <br /> <div style=""text-align: left;""><strong>Características:</strong></div> <div style=""text-align: left;""> </div> <br /> <div> <ul> <li style=""text-align: left;"">100% algodón Premium</li> <li style=""text-align: left;"">Pre-lavadas, siempre conservan sus propiedades</li> <li style=""text-align: left;"">Colores y dibujos realistas</li> <li style=""text-align: left;"">Tintes hechos con base de agua</li> <li style=""text-align: left;"">Libre de sustancias nocivas (Certificación Oeko-Tex Standard 100)</li> <li style=""text-align: left;"">Respetuoso con la sostenibilidad del medio ambiente</li> </ul> </div> </div> <p> </p> <div style=""text-align: center;""> </div> <div style=""text-align: center;""> </div> <div style=""text-align: center;""> </div> <div style=""text-align: center;""> </div> <div style=""text-align: left;""><span style=""font-size: small; text-align: left;""> <img src=""https://www.tedclothing.com/img/house_keeper.png"" alt="""" /><img src=""https://www.tedclothing.com/img/no_admite_cloro.png"" alt="""" /><img src=""https://www.tedclothing.com/img/planchado_suave.png"" alt="""" /><img src=""https://www.tedclothing.com/img/secado_medio.png"" alt="""" /><img src=""https://www.tedclothing.com/img/lavar_a_maquina.png"" alt="""" /></span></div>",Pantalón corto Delicious Food Hombre,"Ropa full-printing impresa en 3D. T-shirts, Sweatshirts, calcetines, Tank top, accesorios y mucho más. Todo impreso en algodón 100% con diseños hiperealistas.",Pantalón corto-delicious-food-mujer,https://www.tedclothing.com/img/subidas/CSMS026.jpg,Cuidado:Lavado facil. Maquina o a mano.:1;Envio:Envío gratuito en 10 días para pedidos superior a 50€. Para pedidos inferiores 50€ el coste de envío es de 9.99€.:2
4660,1,Pantalón corto,Ganesha Jake,Hombre,Pantalón corto Ganesha Jake Hombre,198;70,"25,99$",CSMS027,1,1,"<div style=""text-align: center;""> <p style=""text-align: left;"">Ninguna prenda de TedClothing encoge o destiñe. Usamos tintes naturales y no tienen sustancias nocivas (Certificación Oeko-Tex Standard 100). Cada prenda se hace bajo un proceso de tintado manual, con tintes hechos a base de agua, que respetan el medio ambiente. Nuestro sistema de impresión, es un sistema exclusivo que imprime directamente sobre las fibras de los productos garantizando realismo en los colores y larga durabilidad. Gracias a esto nuestras prendas se pueden planchar sin que se ponga en riesgo ninguna de sus propiedades.</p> <div style=""text-align: left;""> </div> <div style=""text-align: left;""> </div> <br /> <div style=""text-align: left;""><strong>Características:</strong></div> <div style=""text-align: left;""> </div> <br /> <div> <ul> <li style=""text-align: left;"">100% algodón Premium</li> <li style=""text-align: left;"">Pre-lavadas, siempre conservan sus propiedades</li> <li style=""text-align: left;"">Colores y dibujos realistas</li> <li style=""text-align: left;"">Tintes hechos con base de agua</li> <li style=""text-align: left;"">Libre de sustancias nocivas (Certificación Oeko-Tex Standard 100)</li> <li style=""text-align: left;"">Respetuoso con la sostenibilidad del medio ambiente</li> </ul> </div> </div> <p> </p> <div style=""text-align: center;""> </div> <div style=""text-align: center;""> </div> <div style=""text-align: center;""> </div> <div style=""text-align: center;""> </div> <div style=""text-align: left;""><span style=""font-size: small; text-align: left;""> <img src=""https://www.tedclothing.com/img/house_keeper.png"" alt="""" /><img src=""https://www.tedclothing.com/img/no_admite_cloro.png"" alt="""" /><img src=""https://www.tedclothing.com/img/planchado_suave.png"" alt="""" /><img src=""https://www.tedclothing.com/img/secado_medio.png"" alt="""" /><img src=""https://www.tedclothing.com/img/lavar_a_maquina.png"" alt="""" /></span></div>",Pantalón corto Ganesha Jake Hombre,"Ropa full-printing impresa en 3D. T-shirts, Sweatshirts, calcetines, Tank top, accesorios y mucho más. Todo impreso en algodón 100% con diseños hiperealistas.",Pantalón corto-ganesha-jake-mujer,https://www.tedclothing.com/img/subidas/CSMS027.jpg,Cuidado:Lavado facil. Maquina o a mano.:1;Envio:Envío gratuito en 10 días para pedidos superior a 50€. Para pedidos inferiores 50€ el coste de envío es de 9.99€.:2
4661,1,Pantalón corto,Colors Sand,Hombre,Pantalón corto Colors Sand Hombre,198;70,"25,99$",CSMS028,1,1,"<div style=""text-align: center;""> <p style=""text-align: left;"">Ninguna prenda de TedClothing encoge o destiñe. Usamos tintes naturales y no tienen sustancias nocivas (Certificación Oeko-Tex Standard 100). Cada prenda se hace bajo un proceso de tintado manual, con tintes hechos a base de agua, que respetan el medio ambiente. Nuestro sistema de impresión, es un sistema exclusivo que imprime directamente sobre las fibras de los productos garantizando realismo en los colores y larga durabilidad. Gracias a esto nuestras prendas se pueden planchar sin que se ponga en riesgo ninguna de sus propiedades.</p> <div style=""text-align: left;""> </div> <div style=""text-align: left;""> </div> <br /> <div style=""text-align: left;""><strong>Características:</strong></div> <div style=""text-align: left;""> </div> <br /> <div> <ul> <li style=""text-align: left;"">100% algodón Premium</li> <li style=""text-align: left;"">Pre-lavadas, siempre conservan sus propiedades</li> <li style=""text-align: left;"">Colores y dibujos realistas</li> <li style=""text-align: left;"">Tintes hechos con base de agua</li> <li style=""text-align: left;"">Libre de sustancias nocivas (Certificación Oeko-Tex Standard 100)</li> <li style=""text-align: left;"">Respetuoso con la sostenibilidad del medio ambiente</li> </ul> </div> </div> <p> </p> <div style=""text-align: center;""> </div> <div style=""text-align: center;""> </div> <div style=""text-align: center;""> </div> <div style=""text-align: center;""> </div> <div style=""text-align: left;""><span style=""font-size: small; text-align: left;""> <img src=""https://www.tedclothing.com/img/house_keeper.png"" alt="""" /><img src=""https://www.tedclothing.com/img/no_admite_cloro.png"" alt="""" /><img src=""https://www.tedclothing.com/img/planchado_suave.png"" alt="""" /><img src=""https://www.tedclothing.com/img/secado_medio.png"" alt="""" /><img src=""https://www.tedclothing.com/img/lavar_a_maquina.png"" alt="""" /></span></div>",Pantalón corto Colors Sand Hombre,"Ropa full-printing impresa en 3D. T-shirts, Sweatshirts, calcetines, Tank top, accesorios y mucho más. Todo impreso en algodón 100% con diseños hiperealistas.",Pantalón corto-colors-sand-mujer,https://www.tedclothing.com/img/subidas/CSMS028.jpg,Cuidado:Lavado facil. Maquina o a mano.:1;Envio:Envío gratuito en 10 días para pedidos superior a 50€. Para pedidos inferiores 50€ el coste de envío es de 9.99€.:2
4662,1,Pantalón corto,Cats,Hombre,Pantalón corto Cats Hombre,198;70,"25,99$",CSMS029,1,1,"<div style=""text-align: center;""> <p style=""text-align: left;"">Ninguna prenda de TedClothing encoge o destiñe. Usamos tintes naturales y no tienen sustancias nocivas (Certificación Oeko-Tex Standard 100). Cada prenda se hace bajo un proceso de tintado manual, con tintes hechos a base de agua, que respetan el medio ambiente. Nuestro sistema de impresión, es un sistema exclusivo que imprime directamente sobre las fibras de los productos garantizando realismo en los colores y larga durabilidad. Gracias a esto nuestras prendas se pueden planchar sin que se ponga en riesgo ninguna de sus propiedades.</p> <div style=""text-align: left;""> </div> <div style=""text-align: left;""> </div> <br /> <div style=""text-align: left;""><strong>Características:</strong></div> <div style=""text-align: left;""> </div> <br /> <div> <ul> <li style=""text-align: left;"">100% algodón Premium</li> <li style=""text-align: left;"">Pre-lavadas, siempre conservan sus propiedades</li> <li style=""text-align: left;"">Colores y dibujos realistas</li> <li style=""text-align: left;"">Tintes hechos con base de agua</li> <li style=""text-align: left;"">Libre de sustancias nocivas (Certificación Oeko-Tex Standard 100)</li> <li style=""text-align: left;"">Respetuoso con la sostenibilidad del medio ambiente</li> </ul> </div> </div> <p> </p> <div style=""text-align: center;""> </div> <div style=""text-align: center;""> </div> <div style=""text-align: center;""> </div> <div style=""text-align: center;""> </div> <div style=""text-align: left;""><span style=""font-size: small; text-align: left;""> <img src=""https://www.tedclothing.com/img/house_keeper.png"" alt="""" /><img src=""https://www.tedclothing.com/img/no_admite_cloro.png"" alt="""" /><img src=""https://www.tedclothing.com/img/planchado_suave.png"" alt="""" /><img src=""https://www.tedclothing.com/img/secado_medio.png"" alt="""" /><img src=""https://www.tedclothing.com/img/lavar_a_maquina.png"" alt="""" /></span></div>",Pantalón corto Cats Hombre,"Ropa full-printing impresa en 3D. T-shirts, Sweatshirts, calcetines, Tank top, accesorios y mucho más. Todo impreso en algodón 100% con diseños hiperealistas.",Pantalón corto-cats-mujer,https://www.tedclothing.com/img/subidas/CSMS029.jpg,Cuidado:Lavado facil. Maquina o a mano.:1;Envio:Envío gratuito en 10 días para pedidos superior a 50€. Para pedidos inferiores 50€ el coste de envío es de 9.99€.:2
4663,1,Pantalón corto,Dark Space,Hombre,Pantalón corto Dark Space Hombre,198;70,"25,99$",CSMS030,1,1,"<div style=""text-align: center;""> <p style=""text-align: left;"">Ninguna prenda de TedClothing encoge o destiñe. Usamos tintes naturales y no tienen sustancias nocivas (Certificación Oeko-Tex Standard 100). Cada prenda se hace bajo un proceso de tintado manual, con tintes hechos a base de agua, que respetan el medio ambiente. Nuestro sistema de impresión, es un sistema exclusivo que imprime directamente sobre las fibras de los productos garantizando realismo en los colores y larga durabilidad. Gracias a esto nuestras prendas se pueden planchar sin que se ponga en riesgo ninguna de sus propiedades.</p> <div style=""text-align: left;""> </div> <div style=""text-align: left;""> </div> <br /> <div style=""text-align: left;""><strong>Características:</strong></div> <div style=""text-align: left;""> </div> <br /> <div> <ul> <li style=""text-align: left;"">100% algodón Premium</li> <li style=""text-align: left;"">Pre-lavadas, siempre conservan sus propiedades</li> <li style=""text-align: left;"">Colores y dibujos realistas</li> <li style=""text-align: left;"">Tintes hechos con base de agua</li> <li style=""text-align: left;"">Libre de sustancias nocivas (Certificación Oeko-Tex Standard 100)</li> <li style=""text-align: left;"">Respetuoso con la sostenibilidad del medio ambiente</li> </ul> </div> </div> <p> </p> <div style=""text-align: center;""> </div> <div style=""text-align: center;""> </div> <div style=""text-align: center;""> </div> <div style=""text-align: center;""> </div> <div style=""text-align: left;""><span style=""font-size: small; text-align: left;""> <img src=""https://www.tedclothing.com/img/house_keeper.png"" alt="""" /><img src=""https://www.tedclothing.com/img/no_admite_cloro.png"" alt="""" /><img src=""https://www.tedclothing.com/img/planchado_suave.png"" alt="""" /><img src=""https://www.tedclothing.com/img/secado_medio.png"" alt="""" /><img src=""https://www.tedclothing.com/img/lavar_a_maquina.png"" alt="""" /></span></div>",Pantalón corto Dark Space Hombre,"Ropa full-printing impresa en 3D. T-shirts, Sweatshirts, calcetines, Tank top, accesorios y mucho más. Todo impreso en algodón 100% con diseños hiperealistas.",Pantalón corto-dark-space-mujer,https://www.tedclothing.com/img/subidas/CSMS030.jpg,Cuidado:Lavado facil. Maquina o a mano.:1;Envio:Envío gratuito en 10 días para pedidos superior a 50€. Para pedidos inferiores 50€ el coste de envío es de 9.99€.:2
4664,1,Pantalón corto,Abstract Multicolored,Hombre,Pantalón corto Abstract Multicolored Hombre,198;70,"25,99$",CSMS031,1,1,"<div style=""text-align: center;""> <p style=""text-align: left;"">Ninguna prenda de TedClothing encoge o destiñe. Usamos tintes naturales y no tienen sustancias nocivas (Certificación Oeko-Tex Standard 100). Cada prenda se hace bajo un proceso de tintado manual, con tintes hechos a base de agua, que respetan el medio ambiente. Nuestro sistema de impresión, es un sistema exclusivo que imprime directamente sobre las fibras de los productos garantizando realismo en los colores y larga durabilidad. Gracias a esto nuestras prendas se pueden planchar sin que se ponga en riesgo ninguna de sus propiedades.</p> <div style=""text-align: left;""> </div> <div style=""text-align: left;""> </div> <br /> <div style=""text-align: left;""><strong>Características:</strong></div> <div style=""text-align: left;""> </div> <br /> <div> <ul> <li style=""text-align: left;"">100% algodón Premium</li> <li style=""text-align: left;"">Pre-lavadas, siempre conservan sus propiedades</li> <li style=""text-align: left;"">Colores y dibujos realistas</li> <li style=""text-align: left;"">Tintes hechos con base de agua</li> <li style=""text-align: left;"">Libre de sustancias nocivas (Certificación Oeko-Tex Standard 100)</li> <li style=""text-align: left;"">Respetuoso con la sostenibilidad del medio ambiente</li> </ul> </div> </div> <p> </p> <div style=""text-align: center;""> </div> <div style=""text-align: center;""> </div> <div style=""text-align: center;""> </div> <div style=""text-align: center;""> </div> <div style=""text-align: left;""><span style=""font-size: small; text-align: left;""> <img src=""https://www.tedclothing.com/img/house_keeper.png"" alt="""" /><img src=""https://www.tedclothing.com/img/no_admite_cloro.png"" alt="""" /><img src=""https://www.tedclothing.com/img/planchado_suave.png"" alt="""" /><img src=""https://www.tedclothing.com/img/secado_medio.png"" alt="""" /><img src=""https://www.tedclothing.com/img/lavar_a_maquina.png"" alt="""" /></span></div>",Pantalón corto Abstract Multicolored Hombre,"Ropa full-printing impresa en 3D. T-shirts, Sweatshirts, calcetines, Tank top, accesorios y mucho más. Todo impreso en algodón 100% con diseños hiperealistas.",Pantalón corto-abstract-multicolored-mujer,https://www.tedclothing.com/img/subidas/CSMS031.jpg,Cuidado:Lavado facil. Maquina o a mano.:1;Envio:Envío gratuito en 10 días para pedidos superior a 50€. Para pedidos inferiores 50€ el coste de envío es de 9.99€.:2
4665,1,Pantalón corto,Colors 90s,Hombre,Pantalón corto Colors 90s Hombre,198;70,"25,99$",CSMS032,1,1,"<div style=""text-align: center;""> <p style=""text-align: left;"">Ninguna prenda de TedClothing encoge o destiñe. Usamos tintes naturales y no tienen sustancias nocivas (Certificación Oeko-Tex Standard 100). Cada prenda se hace bajo un proceso de tintado manual, con tintes hechos a base de agua, que respetan el medio ambiente. Nuestro sistema de impresión, es un sistema exclusivo que imprime directamente sobre las fibras de los productos garantizando realismo en los colores y larga durabilidad. Gracias a esto nuestras prendas se pueden planchar sin que se ponga en riesgo ninguna de sus propiedades.</p> <div style=""text-align: left;""> </div> <div style=""text-align: left;""> </div> <br /> <div style=""text-align: left;""><strong>Características:</strong></div> <div style=""text-align: left;""> </div> <br /> <div> <ul> <li style=""text-align: left;"">100% algodón Premium</li> <li style=""text-align: left;"">Pre-lavadas, siempre conservan sus propiedades</li> <li style=""text-align: left;"">Colores y dibujos realistas</li> <li style=""text-align: left;"">Tintes hechos con base de agua</li> <li style=""text-align: left;"">Libre de sustancias nocivas (Certificación Oeko-Tex Standard 100)</li> <li style=""text-align: left;"">Respetuoso con la sostenibilidad del medio ambiente</li> </ul> </div> </div> <p> </p> <div style=""text-align: center;""> </div> <div style=""text-align: center;""> </div> <div style=""text-align: center;""> </div> <div style=""text-align: center;""> </div> <div style=""text-align: left;""><span style=""font-size: small; text-align: left;""> <img src=""https://www.tedclothing.com/img/house_keeper.png"" alt="""" /><img src=""https://www.tedclothing.com/img/no_admite_cloro.png"" alt="""" /><img src=""https://www.tedclothing.com/img/planchado_suave.png"" alt="""" /><img src=""https://www.tedclothing.com/img/secado_medio.png"" alt="""" /><img src=""https://www.tedclothing.com/img/lavar_a_maquina.png"" alt="""" /></span></div>",Pantalón corto Colors 90s Hombre,"Ropa full-printing impresa en 3D. T-shirts, Sweatshirts, calcetines, Tank top, accesorios y mucho más. Todo impreso en algodón 100% con diseños hiperealistas.",Pantalón corto-colors-90s-mujer,https://www.tedclothing.com/img/subidas/CSMS032.jpg,Cuidado:Lavado facil. Maquina o a mano.:1;Envio:Envío gratuito en 10 días para pedidos superior a 50€. Para pedidos inferiores 50€ el coste de envío es de 9.99€.:2
4666,1,Pantalón corto,Fusion of Colors,Hombre,Pantalón corto Fusion of Colors Hombre,198;70,"25,99$",CSMS033,1,1,"<div style=""text-align: center;""> <p style=""text-align: left;"">Ninguna prenda de TedClothing encoge o destiñe. Usamos tintes naturales y no tienen sustancias nocivas (Certificación Oeko-Tex Standard 100). Cada prenda se hace bajo un proceso de tintado manual, con tintes hechos a base de agua, que respetan el medio ambiente. Nuestro sistema de impresión, es un sistema exclusivo que imprime directamente sobre las fibras de los productos garantizando realismo en los colores y larga durabilidad. Gracias a esto nuestras prendas se pueden planchar sin que se ponga en riesgo ninguna de sus propiedades.</p> <div style=""text-align: left;""> </div> <div style=""text-align: left;""> </div> <br /> <div style=""text-align: left;""><strong>Características:</strong></div> <div style=""text-align: left;""> </div> <br /> <div> <ul> <li style=""text-align: left;"">100% algodón Premium</li> <li style=""text-align: left;"">Pre-lavadas, siempre conservan sus propiedades</li> <li style=""text-align: left;"">Colores y dibujos realistas</li> <li style=""text-align: left;"">Tintes hechos con base de agua</li> <li style=""text-align: left;"">Libre de sustancias nocivas (Certificación Oeko-Tex Standard 100)</li> <li style=""text-align: left;"">Respetuoso con la sostenibilidad del medio ambiente</li> </ul> </div> </div> <p> </p> <div style=""text-align: center;""> </div> <div style=""text-align: center;""> </div> <div style=""text-align: center;""> </div> <div style=""text-align: center;""> </div> <div style=""text-align: left;""><span style=""font-size: small; text-align: left;""> <img src=""https://www.tedclothing.com/img/house_keeper.png"" alt="""" /><img src=""https://www.tedclothing.com/img/no_admite_cloro.png"" alt="""" /><img src=""https://www.tedclothing.com/img/planchado_suave.png"" alt="""" /><img src=""https://www.tedclothing.com/img/secado_medio.png"" alt="""" /><img src=""https://www.tedclothing.com/img/lavar_a_maquina.png"" alt="""" /></span></div>",Pantalón corto Fusion of Colors Hombre,"Ropa full-printing impresa en 3D. T-shirts, Sweatshirts, calcetines, Tank top, accesorios y mucho más. Todo impreso en algodón 100% con diseños hiperealistas.",Pantalón corto-fusion-of-colors-mujer,https://www.tedclothing.com/img/subidas/CSMS033.jpg,Cuidado:Lavado facil. Maquina o a mano.:1;Envio:Envío gratuito en 10 días para pedidos superior a 50€. Para pedidos inferiores 50€ el coste de envío es de 9.99€.:2
4667,1,Pantalón corto,Sweet Cake,Hombre,Pantalón corto Sweet Cake Hombre,198;70,"25,99$",CSMS034,1,1,"<div style=""text-align: center;""> <p style=""text-align: left;"">Ninguna prenda de TedClothing encoge o destiñe. Usamos tintes naturales y no tienen sustancias nocivas (Certificación Oeko-Tex Standard 100). Cada prenda se hace bajo un proceso de tintado manual, con tintes hechos a base de agua, que respetan el medio ambiente. Nuestro sistema de impresión, es un sistema exclusivo que imprime directamente sobre las fibras de los productos garantizando realismo en los colores y larga durabilidad. Gracias a esto nuestras prendas se pueden planchar sin que se ponga en riesgo ninguna de sus propiedades.</p> <div style=""text-align: left;""> </div> <div style=""text-align: left;""> </div> <br /> <div style=""text-align: left;""><strong>Características:</strong></div> <div style=""text-align: left;""> </div> <br /> <div> <ul> <li style=""text-align: left;"">100% algodón Premium</li> <li style=""text-align: left;"">Pre-lavadas, siempre conservan sus propiedades</li> <li style=""text-align: left;"">Colores y dibujos realistas</li> <li style=""text-align: left;"">Tintes hechos con base de agua</li> <li style=""text-align: left;"">Libre de sustancias nocivas (Certificación Oeko-Tex Standard 100)</li> <li style=""text-align: left;"">Respetuoso con la sostenibilidad del medio ambiente</li> </ul> </div> </div> <p> </p> <div style=""text-align: center;""> </div> <div style=""text-align: center;""> </div> <div style=""text-align: center;""> </div> <div style=""text-align: center;""> </div> <div style=""text-align: left;""><span style=""font-size: small; text-align: left;""> <img src=""https://www.tedclothing.com/img/house_keeper.png"" alt="""" /><img src=""https://www.tedclothing.com/img/no_admite_cloro.png"" alt="""" /><img src=""https://www.tedclothing.com/img/planchado_suave.png"" alt="""" /><img src=""https://www.tedclothing.com/img/secado_medio.png"" alt="""" /><img src=""https://www.tedclothing.com/img/lavar_a_maquina.png"" alt="""" /></span></div>",Pantalón corto Sweet Cake Hombre,"Ropa full-printing impresa en 3D. T-shirts, Sweatshirts, calcetines, Tank top, accesorios y mucho más. Todo impreso en algodón 100% con diseños hiperealistas.",Pantalón corto-sweet-cake-mujer,https://www.tedclothing.com/img/subidas/CSMS034.jpg,Cuidado:Lavado facil. Maquina o a mano.:1;Envio:Envío gratuito en 10 días para pedidos superior a 50€. Para pedidos inferiores 50€ el coste de envío es de 9.99€.:2
4668,1,Pantalón corto,Pastel Colored Sky,Hombre,Pantalón corto Pastel Colored Sky Hombre,198;70,"25,99$",CSMS035,1,1,"<div style=""text-align: center;""> <p style=""text-align: left;"">Ninguna prenda de TedClothing encoge o destiñe. Usamos tintes naturales y no tienen sustancias nocivas (Certificación Oeko-Tex Standard 100). Cada prenda se hace bajo un proceso de tintado manual, con tintes hechos a base de agua, que respetan el medio ambiente. Nuestro sistema de impresión, es un sistema exclusivo que imprime directamente sobre las fibras de los productos garantizando realismo en los colores y larga durabilidad. Gracias a esto nuestras prendas se pueden planchar sin que se ponga en riesgo ninguna de sus propiedades.</p> <div style=""text-align: left;""> </div> <div style=""text-align: left;""> </div> <br /> <div style=""text-align: left;""><strong>Características:</strong></div> <div style=""text-align: left;""> </div> <br /> <div> <ul> <li style=""text-align: left;"">100% algodón Premium</li> <li style=""text-align: left;"">Pre-lavadas, siempre conservan sus propiedades</li> <li style=""text-align: left;"">Colores y dibujos realistas</li> <li style=""text-align: left;"">Tintes hechos con base de agua</li> <li style=""text-align: left;"">Libre de sustancias nocivas (Certificación Oeko-Tex Standard 100)</li> <li style=""text-align: left;"">Respetuoso con la sostenibilidad del medio ambiente</li> </ul> </div> </div> <p> </p> <div style=""text-align: center;""> </div> <div style=""text-align: center;""> </div> <div style=""text-align: center;""> </div> <div style=""text-align: center;""> </div> <div style=""text-align: left;""><span style=""font-size: small; text-align: left;""> <img src=""https://www.tedclothing.com/img/house_keeper.png"" alt="""" /><img src=""https://www.tedclothing.com/img/no_admite_cloro.png"" alt="""" /><img src=""https://www.tedclothing.com/img/planchado_suave.png"" alt="""" /><img src=""https://www.tedclothing.com/img/secado_medio.png"" alt="""" /><img src=""https://www.tedclothing.com/img/lavar_a_maquina.png"" alt="""" /></span></div>",Pantalón corto Pastel Colored Sky Hombre,"Ropa full-printing impresa en 3D. T-shirts, Sweatshirts, calcetines, Tank top, accesorios y mucho más. Todo impreso en algodón 100% con diseños hiperealistas.",Pantalón corto-pastel-colored-sky-mujer,https://www.tedclothing.com/img/subidas/CSMS035.jpg,Cuidado:Lavado facil. Maquina o a mano.:1;Envio:Envío gratuito en 10 días para pedidos superior a 50€. Para pedidos inferiores 50€ el coste de envío es de 9.99€.:2
4669,1,Pantalón corto,Colors textures,Hombre,Pantalón corto Colors textures Hombre,198;70,"25,99$",CSMS036,1,1,"<div style=""text-align: center;""> <p style=""text-align: left;"">Ninguna prenda de TedClothing encoge o destiñe. Usamos tintes naturales y no tienen sustancias nocivas (Certificación Oeko-Tex Standard 100). Cada prenda se hace bajo un proceso de tintado manual, con tintes hechos a base de agua, que respetan el medio ambiente. Nuestro sistema de impresión, es un sistema exclusivo que imprime directamente sobre las fibras de los productos garantizando realismo en los colores y larga durabilidad. Gracias a esto nuestras prendas se pueden planchar sin que se ponga en riesgo ninguna de sus propiedades.</p> <div style=""text-align: left;""> </div> <div style=""text-align: left;""> </div> <br /> <div style=""text-align: left;""><strong>Características:</strong></div> <div style=""text-align: left;""> </div> <br /> <div> <ul> <li style=""text-align: left;"">100% algodón Premium</li> <li style=""text-align: left;"">Pre-lavadas, siempre conservan sus propiedades</li> <li style=""text-align: left;"">Colores y dibujos realistas</li> <li style=""text-align: left;"">Tintes hechos con base de agua</li> <li style=""text-align: left;"">Libre de sustancias nocivas (Certificación Oeko-Tex Standard 100)</li> <li style=""text-align: left;"">Respetuoso con la sostenibilidad del medio ambiente</li> </ul> </div> </div> <p> </p> <div style=""text-align: center;""> </div> <div style=""text-align: center;""> </div> <div style=""text-align: center;""> </div> <div style=""text-align: center;""> </div> <div style=""text-align: left;""><span style=""font-size: small; text-align: left;""> <img src=""https://www.tedclothing.com/img/house_keeper.png"" alt="""" /><img src=""https://www.tedclothing.com/img/no_admite_cloro.png"" alt="""" /><img src=""https://www.tedclothing.com/img/planchado_suave.png"" alt="""" /><img src=""https://www.tedclothing.com/img/secado_medio.png"" alt="""" /><img src=""https://www.tedclothing.com/img/lavar_a_maquina.png"" alt="""" /></span></div>",Pantalón corto Colors textures Hombre,"Ropa full-printing impresa en 3D. T-shirts, Sweatshirts, calcetines, Tank top, accesorios y mucho más. Todo impreso en algodón 100% con diseños hiperealistas.",Pantalón corto-colors-textures-mujer,https://www.tedclothing.com/img/subidas/CSMS036.jpg,Cuidado:Lavado facil. Maquina o a mano.:1;Envio:Envío gratuito en 10 días para pedidos superior a 50€. Para pedidos inferiores 50€ el coste de envío es de 9.99€.:2
4670,1,Pantalón corto,Colors Art,Hombre,Pantalón corto Colors Art Hombre,198;70,"25,99$",CSMS037,1,1,"<div style=""text-align: center;""> <p style=""text-align: left;"">Ninguna prenda de TedClothing encoge o destiñe. Usamos tintes naturales y no tienen sustancias nocivas (Certificación Oeko-Tex Standard 100). Cada prenda se hace bajo un proceso de tintado manual, con tintes hechos a base de agua, que respetan el medio ambiente. Nuestro sistema de impresión, es un sistema exclusivo que imprime directamente sobre las fibras de los productos garantizando realismo en los colores y larga durabilidad. Gracias a esto nuestras prendas se pueden planchar sin que se ponga en riesgo ninguna de sus propiedades.</p> <div style=""text-align: left;""> </div> <div style=""text-align: left;""> </div> <br /> <div style=""text-align: left;""><strong>Características:</strong></div> <div style=""text-align: left;""> </div> <br /> <div> <ul> <li style=""text-align: left;"">100% algodón Premium</li> <li style=""text-align: left;"">Pre-lavadas, siempre conservan sus propiedades</li> <li style=""text-align: left;"">Colores y dibujos realistas</li> <li style=""text-align: left;"">Tintes hechos con base de agua</li> <li style=""text-align: left;"">Libre de sustancias nocivas (Certificación Oeko-Tex Standard 100)</li> <li style=""text-align: left;"">Respetuoso con la sostenibilidad del medio ambiente</li> </ul> </div> </div> <p> </p> <div style=""text-align: center;""> </div> <div style=""text-align: center;""> </div> <div style=""text-align: center;""> </div> <div style=""text-align: center;""> </div> <div style=""text-align: left;""><span style=""font-size: small; text-align: left;""> <img src=""https://www.tedclothing.com/img/house_keeper.png"" alt="""" /><img src=""https://www.tedclothing.com/img/no_admite_cloro.png"" alt="""" /><img src=""https://www.tedclothing.com/img/planchado_suave.png"" alt="""" /><img src=""https://www.tedclothing.com/img/secado_medio.png"" alt="""" /><img src=""https://www.tedclothing.com/img/lavar_a_maquina.png"" alt="""" /></span></div>",Pantalón corto Colors Art Hombre,"Ropa full-printing impresa en 3D. T-shirts, Sweatshirts, calcetines, Tank top, accesorios y mucho más. Todo impreso en algodón 100% con diseños hiperealistas.",Pantalón corto-colors-art-mujer,https://www.tedclothing.com/img/subidas/CSMS037.jpg,Cuidado:Lavado facil. Maquina o a mano.:1;Envio:Envío gratuito en 10 días para pedidos superior a 50€. Para pedidos inferiores 50€ el coste de envío es de 9.99€.:2
4671,1,Pantalón corto,Blue Lines,Hombre,Pantalón corto Blue Lines Hombre,198;70,"25,99$",CSMS038,1,1,"<div style=""text-align: center;""> <p style=""text-align: left;"">Ninguna prenda de TedClothing encoge o destiñe. Usamos tintes naturales y no tienen sustancias nocivas (Certificación Oeko-Tex Standard 100). Cada prenda se hace bajo un proceso de tintado manual, con tintes hechos a base de agua, que respetan el medio ambiente. Nuestro sistema de impresión, es un sistema exclusivo que imprime directamente sobre las fibras de los productos garantizando realismo en los colores y larga durabilidad. Gracias a esto nuestras prendas se pueden planchar sin que se ponga en riesgo ninguna de sus propiedades.</p> <div style=""text-align: left;""> </div> <div style=""text-align: left;""> </div> <br /> <div style=""text-align: left;""><strong>Características:</strong></div> <div style=""text-align: left;""> </div> <br /> <div> <ul> <li style=""text-align: left;"">100% algodón Premium</li> <li style=""text-align: left;"">Pre-lavadas, siempre conservan sus propiedades</li> <li style=""text-align: left;"">Colores y dibujos realistas</li> <li style=""text-align: left;"">Tintes hechos con base de agua</li> <li style=""text-align: left;"">Libre de sustancias nocivas (Certificación Oeko-Tex Standard 100)</li> <li style=""text-align: left;"">Respetuoso con la sostenibilidad del medio ambiente</li> </ul> </div> </div> <p> </p> <div style=""text-align: center;""> </div> <div style=""text-align: center;""> </div> <div style=""text-align: center;""> </div> <div style=""text-align: center;""> </div> <div style=""text-align: left;""><span style=""font-size: small; text-align: left;""> <img src=""https://www.tedclothing.com/img/house_keeper.png"" alt="""" /><img src=""https://www.tedclothing.com/img/no_admite_cloro.png"" alt="""" /><img src=""https://www.tedclothing.com/img/planchado_suave.png"" alt="""" /><img src=""https://www.tedclothing.com/img/secado_medio.png"" alt="""" /><img src=""https://www.tedclothing.com/img/lavar_a_maquina.png"" alt="""" /></span></div>",Pantalón corto Blue Lines Hombre,"Ropa full-printing impresa en 3D. T-shirts, Sweatshirts, calcetines, Tank top, accesorios y mucho más. Todo impreso en algodón 100% con diseños hiperealistas.",Pantalón corto-blue-lines-mujer,https://www.tedclothing.com/img/subidas/CSMS038.jpg,Cuidado:Lavado facil. Maquina o a mano.:1;Envio:Envío gratuito en 10 días para pedidos superior a 50€. Para pedidos inferiores 50€ el coste de envío es de 9.99€.:2
4672,1,Pantalón corto,Cannabis,Hombre,Pantalón corto Cannabis Hombre,198;70,"25,99$",CSMS039,1,1,"<div style=""text-align: center;""> <p style=""text-align: left;"">Ninguna prenda de TedClothing encoge o destiñe. Usamos tintes naturales y no tienen sustancias nocivas (Certificación Oeko-Tex Standard 100). Cada prenda se hace bajo un proceso de tintado manual, con tintes hechos a base de agua, que respetan el medio ambiente. Nuestro sistema de impresión, es un sistema exclusivo que imprime directamente sobre las fibras de los productos garantizando realismo en los colores y larga durabilidad. Gracias a esto nuestras prendas se pueden planchar sin que se ponga en riesgo ninguna de sus propiedades.</p> <div style=""text-align: left;""> </div> <div style=""text-align: left;""> </div> <br /> <div style=""text-align: left;""><strong>Características:</strong></div> <div style=""text-align: left;""> </div> <br /> <div> <ul> <li style=""text-align: left;"">100% algodón Premium</li> <li style=""text-align: left;"">Pre-lavadas, siempre conservan sus propiedades</li> <li style=""text-align: left;"">Colores y dibujos realistas</li> <li style=""text-align: left;"">Tintes hechos con base de agua</li> <li style=""text-align: left;"">Libre de sustancias nocivas (Certificación Oeko-Tex Standard 100)</li> <li style=""text-align: left;"">Respetuoso con la sostenibilidad del medio ambiente</li> </ul> </div> </div> <p> </p> <div style=""text-align: center;""> </div> <div style=""text-align: center;""> </div> <div style=""text-align: center;""> </div> <div style=""text-align: center;""> </div> <div style=""text-align: left;""><span style=""font-size: small; text-align: left;""> <img src=""https://www.tedclothing.com/img/house_keeper.png"" alt="""" /><img src=""https://www.tedclothing.com/img/no_admite_cloro.png"" alt="""" /><img src=""https://www.tedclothing.com/img/planchado_suave.png"" alt="""" /><img src=""https://www.tedclothing.com/img/secado_medio.png"" alt="""" /><img src=""https://www.tedclothing.com/img/lavar_a_maquina.png"" alt="""" /></span></div>",Pantalón corto Cannabis Hombre,"Ropa full-printing impresa en 3D. T-shirts, Sweatshirts, calcetines, Tank top, accesorios y mucho más. Todo impreso en algodón 100% con diseños hiperealistas.",Pantalón corto-cannabis-mujer,https://www.tedclothing.com/img/subidas/CSMS039.jpg,Cuidado:Lavado facil. Maquina o a mano.:1;Envio:Envío gratuito en 10 días para pedidos superior a 50€. Para pedidos inferiores 50€ el coste de envío es de 9.99€.:2
4673,1,Pantalón corto,Colored Fungi,Hombre,Pantalón corto Colored Fungi Hombre,198;70,"25,99$",CSMS040,1,1,"<div style=""text-align: center;""> <p style=""text-align: left;"">Ninguna prenda de TedClothing encoge o destiñe. Usamos tintes naturales y no tienen sustancias nocivas (Certificación Oeko-Tex Standard 100). Cada prenda se hace bajo un proceso de tintado manual, con tintes hechos a base de agua, que respetan el medio ambiente. Nuestro sistema de impresión, es un sistema exclusivo que imprime directamente sobre las fibras de los productos garantizando realismo en los colores y larga durabilidad. Gracias a esto nuestras prendas se pueden planchar sin que se ponga en riesgo ninguna de sus propiedades.</p> <div style=""text-align: left;""> </div> <div style=""text-align: left;""> </div> <br /> <div style=""text-align: left;""><strong>Características:</strong></div> <div style=""text-align: left;""> </div> <br /> <div> <ul> <li style=""text-align: left;"">100% algodón Premium</li> <li style=""text-align: left;"">Pre-lavadas, siempre conservan sus propiedades</li> <li style=""text-align: left;"">Colores y dibujos realistas</li> <li style=""text-align: left;"">Tintes hechos con base de agua</li> <li style=""text-align: left;"">Libre de sustancias nocivas (Certificación Oeko-Tex Standard 100)</li> <li style=""text-align: left;"">Respetuoso con la sostenibilidad del medio ambiente</li> </ul> </div> </div> <p> </p> <div style=""text-align: center;""> </div> <div style=""text-align: center;""> </div> <div style=""text-align: center;""> </div> <div style=""text-align: center;""> </div> <div style=""text-align: left;""><span style=""font-size: small; text-align: left;""> <img src=""https://www.tedclothing.com/img/house_keeper.png"" alt="""" /><img src=""https://www.tedclothing.com/img/no_admite_cloro.png"" alt="""" /><img src=""https://www.tedclothing.com/img/planchado_suave.png"" alt="""" /><img src=""https://www.tedclothing.com/img/secado_medio.png"" alt="""" /><img src=""https://www.tedclothing.com/img/lavar_a_maquina.png"" alt="""" /></span></div>",Pantalón corto Colored Fungi Hombre,"Ropa full-printing impresa en 3D. T-shirts, Sweatshirts, calcetines, Tank top, accesorios y mucho más. Todo impreso en algodón 100% con diseños hiperealistas.",Pantalón corto-colored-fungi-mujer,https://www.tedclothing.com/img/subidas/CSMS040.jpg,Cuidado:Lavado facil. Maquina o a mano.:1;Envio:Envío gratuito en 10 días para pedidos superior a 50€. Para pedidos inferiores 50€ el coste de envío es de 9.99€.:2
4674,1,Pantalón corto,Abstract Lines,Hombre,Pantalón corto Abstract Lines Hombre,198;70,"25,99$",CSMS041,1,1,"<div style=""text-align: center;""> <p style=""text-align: left;"">Ninguna prenda de TedClothing encoge o destiñe. Usamos tintes naturales y no tienen sustancias nocivas (Certificación Oeko-Tex Standard 100). Cada prenda se hace bajo un proceso de tintado manual, con tintes hechos a base de agua, que respetan el medio ambiente. Nuestro sistema de impresión, es un sistema exclusivo que imprime directamente sobre las fibras de los productos garantizando realismo en los colores y larga durabilidad. Gracias a esto nuestras prendas se pueden planchar sin que se ponga en riesgo ninguna de sus propiedades.</p> <div style=""text-align: left;""> </div> <div style=""text-align: left;""> </div> <br /> <div style=""text-align: left;""><strong>Características:</strong></div> <div style=""text-align: left;""> </div> <br /> <div> <ul> <li style=""text-align: left;"">100% algodón Premium</li> <li style=""text-align: left;"">Pre-lavadas, siempre conservan sus propiedades</li> <li style=""text-align: left;"">Colores y dibujos realistas</li> <li style=""text-align: left;"">Tintes hechos con base de agua</li> <li style=""text-align: left;"">Libre de sustancias nocivas (Certificación Oeko-Tex Standard 100)</li> <li style=""text-align: left;"">Respetuoso con la sostenibilidad del medio ambiente</li> </ul> </div> </div> <p> </p> <div style=""text-align: center;""> </div> <div style=""text-align: center;""> </div> <div style=""text-align: center;""> </div> <div style=""text-align: center;""> </div> <div style=""text-align: left;""><span style=""font-size: small; text-align: left;""> <img src=""https://www.tedclothing.com/img/house_keeper.png"" alt="""" /><img src=""https://www.tedclothing.com/img/no_admite_cloro.png"" alt="""" /><img src=""https://www.tedclothing.com/img/planchado_suave.png"" alt="""" /><img src=""https://www.tedclothing.com/img/secado_medio.png"" alt="""" /><img src=""https://www.tedclothing.com/img/lavar_a_maquina.png"" alt="""" /></span></div>",Pantalón corto Abstract Lines Hombre,"Ropa full-printing impresa en 3D. T-shirts, Sweatshirts, calcetines, Tank top, accesorios y mucho más. Todo impreso en algodón 100% con diseños hiperealistas.",Pantalón corto-abstract-lines-mujer,https://www.tedclothing.com/img/subidas/CSMS041.jpg,Cuidado:Lavado facil. Maquina o a mano.:1;Envio:Envío gratuito en 10 días para pedidos superior a 50€. Para pedidos inferiores 50€ el coste de envío es de 9.99€.:2
4675,1,Pantalón corto,Blue Mandala,Hombre,Pantalón corto Blue Mandala Hombre,198;70,"25,99$",CSMS042,1,1,"<div style=""text-align: center;""> <p style=""text-align: left;"">Ninguna prenda de TedClothing encoge o destiñe. Usamos tintes naturales y no tienen sustancias nocivas (Certificación Oeko-Tex Standard 100). Cada prenda se hace bajo un proceso de tintado manual, con tintes hechos a base de agua, que respetan el medio ambiente. Nuestro sistema de impresión, es un sistema exclusivo que imprime directamente sobre las fibras de los productos garantizando realismo en los colores y larga durabilidad. Gracias a esto nuestras prendas se pueden planchar sin que se ponga en riesgo ninguna de sus propiedades.</p> <div style=""text-align: left;""> </div> <div style=""text-align: left;""> </div> <br /> <div style=""text-align: left;""><strong>Características:</strong></div> <div style=""text-align: left;""> </div> <br /> <div> <ul> <li style=""text-align: left;"">100% algodón Premium</li> <li style=""text-align: left;"">Pre-lavadas, siempre conservan sus propiedades</li> <li style=""text-align: left;"">Colores y dibujos realistas</li> <li style=""text-align: left;"">Tintes hechos con base de agua</li> <li style=""text-align: left;"">Libre de sustancias nocivas (Certificación Oeko-Tex Standard 100)</li> <li style=""text-align: left;"">Respetuoso con la sostenibilidad del medio ambiente</li> </ul> </div> </div> <p> </p> <div style=""text-align: center;""> </div> <div style=""text-align: center;""> </div> <div style=""text-align: center;""> </div> <div style=""text-align: center;""> </div> <div style=""text-align: left;""><span style=""font-size: small; text-align: left;""> <img src=""https://www.tedclothing.com/img/house_keeper.png"" alt="""" /><img src=""https://www.tedclothing.com/img/no_admite_cloro.png"" alt="""" /><img src=""https://www.tedclothing.com/img/planchado_suave.png"" alt="""" /><img src=""https://www.tedclothing.com/img/secado_medio.png"" alt="""" /><img src=""https://www.tedclothing.com/img/lavar_a_maquina.png"" alt="""" /></span></div>",Pantalón corto Blue Mandala Hombre,"Ropa full-printing impresa en 3D. T-shirts, Sweatshirts, calcetines, Tank top, accesorios y mucho más. Todo impreso en algodón 100% con diseños hiperealistas.",Pantalón corto-blue-mandala-mujer,https://www.tedclothing.com/img/subidas/CSMS042.jpg,Cuidado:Lavado facil. Maquina o a mano.:1;Envio:Envío gratuito en 10 días para pedidos superior a 50€. Para pedidos inferiores 50€ el coste de envío es de 9.99€.:2
4676,1,Pantalón corto,Mandala Flowers,Hombre,Pantalón corto Mandala Flowers Hombre,198;70,"25,99$",CSMS043,1,1,"<div style=""text-align: center;""> <p style=""text-align: left;"">Ninguna prenda de TedClothing encoge o destiñe. Usamos tintes naturales y no tienen sustancias nocivas (Certificación Oeko-Tex Standard 100). Cada prenda se hace bajo un proceso de tintado manual, con tintes hechos a base de agua, que respetan el medio ambiente. Nuestro sistema de impresión, es un sistema exclusivo que imprime directamente sobre las fibras de los productos garantizando realismo en los colores y larga durabilidad. Gracias a esto nuestras prendas se pueden planchar sin que se ponga en riesgo ninguna de sus propiedades.</p> <div style=""text-align: left;""> </div> <div style=""text-align: left;""> </div> <br /> <div style=""text-align: left;""><strong>Características:</strong></div> <div style=""text-align: left;""> </div> <br /> <div> <ul> <li style=""text-align: left;"">100% algodón Premium</li> <li style=""text-align: left;"">Pre-lavadas, siempre conservan sus propiedades</li> <li style=""text-align: left;"">Colores y dibujos realistas</li> <li style=""text-align: left;"">Tintes hechos con base de agua</li> <li style=""text-align: left;"">Libre de sustancias nocivas (Certificación Oeko-Tex Standard 100)</li> <li style=""text-align: left;"">Respetuoso con la sostenibilidad del medio ambiente</li> </ul> </div> </div> <p> </p> <div style=""text-align: center;""> </div> <div style=""text-align: center;""> </div> <div style=""text-align: center;""> </div> <div style=""text-align: center;""> </div> <div style=""text-align: left;""><span style=""font-size: small; text-align: left;""> <img src=""https://www.tedclothing.com/img/house_keeper.png"" alt="""" /><img src=""https://www.tedclothing.com/img/no_admite_cloro.png"" alt="""" /><img src=""https://www.tedclothing.com/img/planchado_suave.png"" alt="""" /><img src=""https://www.tedclothing.com/img/secado_medio.png"" alt="""" /><img src=""https://www.tedclothing.com/img/lavar_a_maquina.png"" alt="""" /></span></div>",Pantalón corto Mandala Flowers Hombre,"Ropa full-printing impresa en 3D. T-shirts, Sweatshirts, calcetines, Tank top, accesorios y mucho más. Todo impreso en algodón 100% con diseños hiperealistas.",Pantalón corto-mandala-flowers-mujer,https://www.tedclothing.com/img/subidas/CSMS043.jpg,Cuidado:Lavado facil. Maquina o a mano.:1;Envio:Envío gratuito en 10 días para pedidos superior a 50€. Para pedidos inferiores 50€ el coste de envío es de 9.99€.:2
4677,1,Pantalón corto,starry sky,Hombre,Pantalón corto starry sky Hombre,198;70,"25,99$",CSMS044,1,1,"<div style=""text-align: center;""> <p style=""text-align: left;"">Ninguna prenda de TedClothing encoge o destiñe. Usamos tintes naturales y no tienen sustancias nocivas (Certificación Oeko-Tex Standard 100). Cada prenda se hace bajo un proceso de tintado manual, con tintes hechos a base de agua, que respetan el medio ambiente. Nuestro sistema de impresión, es un sistema exclusivo que imprime directamente sobre las fibras de los productos garantizando realismo en los colores y larga durabilidad. Gracias a esto nuestras prendas se pueden planchar sin que se ponga en riesgo ninguna de sus propiedades.</p> <div style=""text-align: left;""> </div> <div style=""text-align: left;""> </div> <br /> <div style=""text-align: left;""><strong>Características:</strong></div> <div style=""text-align: left;""> </div> <br /> <div> <ul> <li style=""text-align: left;"">100% algodón Premium</li> <li style=""text-align: left;"">Pre-lavadas, siempre conservan sus propiedades</li> <li style=""text-align: left;"">Colores y dibujos realistas</li> <li style=""text-align: left;"">Tintes hechos con base de agua</li> <li style=""text-align: left;"">Libre de sustancias nocivas (Certificación Oeko-Tex Standard 100)</li> <li style=""text-align: left;"">Respetuoso con la sostenibilidad del medio ambiente</li> </ul> </div> </div> <p> </p> <div style=""text-align: center;""> </div> <div style=""text-align: center;""> </div> <div style=""text-align: center;""> </div> <div style=""text-align: center;""> </div> <div style=""text-align: left;""><span style=""font-size: small; text-align: left;""> <img src=""https://www.tedclothing.com/img/house_keeper.png"" alt="""" /><img src=""https://www.tedclothing.com/img/no_admite_cloro.png"" alt="""" /><img src=""https://www.tedclothing.com/img/planchado_suave.png"" alt="""" /><img src=""https://www.tedclothing.com/img/secado_medio.png"" alt="""" /><img src=""https://www.tedclothing.com/img/lavar_a_maquina.png"" alt="""" /></span></div>",Pantalón corto starry sky Hombre,"Ropa full-printing impresa en 3D. T-shirts, Sweatshirts, calcetines, Tank top, accesorios y mucho más. Todo impreso en algodón 100% con diseños hiperealistas.",Pantalón corto-starry-sky-mujer,https://www.tedclothing.com/img/subidas/CSMS044.jpg,Cuidado:Lavado facil. Maquina o a mano.:1;Envio:Envío gratuito en 10 días para pedidos superior a 50€. Para pedidos inferiores 50€ el coste de envío es de 9.99€.:2
4678,1,Pantalón corto,Sweet Mandala,Hombre,Pantalón corto Sweet Mandala Hombre,198;70,"25,99$",CSMS045,1,1,"<div style=""text-align: center;""> <p style=""text-align: left;"">Ninguna prenda de TedClothing encoge o destiñe. Usamos tintes naturales y no tienen sustancias nocivas (Certificación Oeko-Tex Standard 100). Cada prenda se hace bajo un proceso de tintado manual, con tintes hechos a base de agua, que respetan el medio ambiente. Nuestro sistema de impresión, es un sistema exclusivo que imprime directamente sobre las fibras de los productos garantizando realismo en los colores y larga durabilidad. Gracias a esto nuestras prendas se pueden planchar sin que se ponga en riesgo ninguna de sus propiedades.</p> <div style=""text-align: left;""> </div> <div style=""text-align: left;""> </div> <br /> <div style=""text-align: left;""><strong>Características:</strong></div> <div style=""text-align: left;""> </div> <br /> <div> <ul> <li style=""text-align: left;"">100% algodón Premium</li> <li style=""text-align: left;"">Pre-lavadas, siempre conservan sus propiedades</li> <li style=""text-align: left;"">Colores y dibujos realistas</li> <li style=""text-align: left;"">Tintes hechos con base de agua</li> <li style=""text-align: left;"">Libre de sustancias nocivas (Certificación Oeko-Tex Standard 100)</li> <li style=""text-align: left;"">Respetuoso con la sostenibilidad del medio ambiente</li> </ul> </div> </div> <p> </p> <div style=""text-align: center;""> </div> <div style=""text-align: center;""> </div> <div style=""text-align: center;""> </div> <div style=""text-align: center;""> </div> <div style=""text-align: left;""><span style=""font-size: small; text-align: left;""> <img src=""https://www.tedclothing.com/img/house_keeper.png"" alt="""" /><img src=""https://www.tedclothing.com/img/no_admite_cloro.png"" alt="""" /><img src=""https://www.tedclothing.com/img/planchado_suave.png"" alt="""" /><img src=""https://www.tedclothing.com/img/secado_medio.png"" alt="""" /><img src=""https://www.tedclothing.com/img/lavar_a_maquina.png"" alt="""" /></span></div>",Pantalón corto Sweet Mandala Hombre,"Ropa full-printing impresa en 3D. T-shirts, Sweatshirts, calcetines, Tank top, accesorios y mucho más. Todo impreso en algodón 100% con diseños hiperealistas.",Pantalón corto-sweet-mandala-mujer,https://www.tedclothing.com/img/subidas/CSMS045.jpg,Cuidado:Lavado facil. Maquina o a mano.:1;Envio:Envío gratuito en 10 días para pedidos superior a 50€. Para pedidos inferiores 50€ el coste de envío es de 9.99€.:2