ID,tmp-Tipo Prenda,tmp-Nombre artístico,tmp-Género,Nombre Completo,Descripción,Meta-título,Meta descripción,Enlace-reescrito
4644,Shorts,Love Mandala,Man,Love Mandala Shorts Man,"<div style=""text-align: center;""><p style=""text-align: left;"">Our garments don't shrink or fade . We use natural dyes completly free of harmful substances ( Oeko -Tex Standard 100 - Certification) . Each garment is made under a process of manual tinted with environmental friendly water-based dyes . Our printing system is a unique process that prints directly to the fibers of the products to ensure realism in the colors and durability. Thanks to this, our garments can be ironed without loosing their properties. </p><div style=""text-align: left;""> </div><div style=""text-align: left;""> </div><br /><div style=""text-align: left;""><strong>Characteristics :</strong></div><div style=""text-align: left;""> </div><br /><div><ul><li style=""text-align: left;"">100 % premium cotton</li><li style=""text-align: left;"">Pre - washed, always keep their properties</li><li style=""text-align: left;"">Realistic Colors and Drawings</li><li style=""text-align: left;"">Water-based Dyes</li><li style=""text-align: left;"">Free of harmful substances (Certificación Oeko-Tex Standard 100)</li><li style=""text-align: left;"">Respectful of environmental sustainability</li></ul></div></div><p> </p><div style=""text-align: center;""> </div><div style=""text-align: center;""> </div><div style=""text-align: center;""> </div><div style=""text-align: center;""> </div><div style=""text-align: left;""><span style=""font-size: small; text-align: left;""> <img src=""https://www.tedclothing.com/img/house_keeper.png"" alt="""" /><img src=""https://www.tedclothing.com/img/Lavado_cloro_en.jpg"" alt="""" /><img src=""https://www.tedclothing.com/img/Lavadora.jpg"" alt="""" /><img src=""https://www.tedclothing.com/img/Planchado_suave_EN.jpg"" alt="""" /><img src=""https://www.tedclothing.com/img/Secado_medio.jpg"" alt="""" /></span></div>",Love Mandala Shorts Man,"Clothes printed in 3D. Discover our collection in TedClothing.com. T-shirts, sweaters, sweatpants, shots, crop tops hoodies and more. Buy trendy clothes.",love-mandala-shorts-man
4645,Shorts,Geometric Mandala,Man,Geometric Mandala Shorts Man,"<div style=""text-align: center;""><p style=""text-align: left;"">Our garments don't shrink or fade . We use natural dyes completly free of harmful substances ( Oeko -Tex Standard 100 - Certification) . Each garment is made under a process of manual tinted with environmental friendly water-based dyes . Our printing system is a unique process that prints directly to the fibers of the products to ensure realism in the colors and durability. Thanks to this, our garments can be ironed without loosing their properties. </p><div style=""text-align: left;""> </div><div style=""text-align: left;""> </div><br /><div style=""text-align: left;""><strong>Characteristics :</strong></div><div style=""text-align: left;""> </div><br /><div><ul><li style=""text-align: left;"">100 % premium cotton</li><li style=""text-align: left;"">Pre - washed, always keep their properties</li><li style=""text-align: left;"">Realistic Colors and Drawings</li><li style=""text-align: left;"">Water-based Dyes</li><li style=""text-align: left;"">Free of harmful substances (Certificación Oeko-Tex Standard 100)</li><li style=""text-align: left;"">Respectful of environmental sustainability</li></ul></div></div><p> </p><div style=""text-align: center;""> </div><div style=""text-align: center;""> </div><div style=""text-align: center;""> </div><div style=""text-align: center;""> </div><div style=""text-align: left;""><span style=""font-size: small; text-align: left;""> <img src=""https://www.tedclothing.com/img/house_keeper.png"" alt="""" /><img src=""https://www.tedclothing.com/img/Lavado_cloro_en.jpg"" alt="""" /><img src=""https://www.tedclothing.com/img/Lavadora.jpg"" alt="""" /><img src=""https://www.tedclothing.com/img/Planchado_suave_EN.jpg"" alt="""" /><img src=""https://www.tedclothing.com/img/Secado_medio.jpg"" alt="""" /></span></div>",Geometric Mandala Shorts Man,"Clothes printed in 3D. Discover our collection in TedClothing.com. T-shirts, sweaters, sweatpants, shots, crop tops hoodies and more. Buy trendy clothes.",geometric-mandala-shorts-man
4646,Shorts,Purple Mandala,Man,Purple Mandala Shorts Man,"<div style=""text-align: center;""><p style=""text-align: left;"">Our garments don't shrink or fade . We use natural dyes completly free of harmful substances ( Oeko -Tex Standard 100 - Certification) . Each garment is made under a process of manual tinted with environmental friendly water-based dyes . Our printing system is a unique process that prints directly to the fibers of the products to ensure realism in the colors and durability. Thanks to this, our garments can be ironed without loosing their properties. </p><div style=""text-align: left;""> </div><div style=""text-align: left;""> </div><br /><div style=""text-align: left;""><strong>Characteristics :</strong></div><div style=""text-align: left;""> </div><br /><div><ul><li style=""text-align: left;"">100 % premium cotton</li><li style=""text-align: left;"">Pre - washed, always keep their properties</li><li style=""text-align: left;"">Realistic Colors and Drawings</li><li style=""text-align: left;"">Water-based Dyes</li><li style=""text-align: left;"">Free of harmful substances (Certificación Oeko-Tex Standard 100)</li><li style=""text-align: left;"">Respectful of environmental sustainability</li></ul></div></div><p> </p><div style=""text-align: center;""> </div><div style=""text-align: center;""> </div><div style=""text-align: center;""> </div><div style=""text-align: center;""> </div><div style=""text-align: left;""><span style=""font-size: small; text-align: left;""> <img src=""https://www.tedclothing.com/img/house_keeper.png"" alt="""" /><img src=""https://www.tedclothing.com/img/Lavado_cloro_en.jpg"" alt="""" /><img src=""https://www.tedclothing.com/img/Lavadora.jpg"" alt="""" /><img src=""https://www.tedclothing.com/img/Planchado_suave_EN.jpg"" alt="""" /><img src=""https://www.tedclothing.com/img/Secado_medio.jpg"" alt="""" /></span></div>",Purple Mandala Shorts Man,"Clothes printed in 3D. Discover our collection in TedClothing.com. T-shirts, sweaters, sweatpants, shots, crop tops hoodies and more. Buy trendy clothes.",purple-mandala-shorts-man
4647,Shorts,Colors Mandala ,Man,Colors Mandala  Shorts Man,"<div style=""text-align: center;""><p style=""text-align: left;"">Our garments don't shrink or fade . We use natural dyes completly free of harmful substances ( Oeko -Tex Standard 100 - Certification) . Each garment is made under a process of manual tinted with environmental friendly water-based dyes . Our printing system is a unique process that prints directly to the fibers of the products to ensure realism in the colors and durability. Thanks to this, our garments can be ironed without loosing their properties. </p><div style=""text-align: left;""> </div><div style=""text-align: left;""> </div><br /><div style=""text-align: left;""><strong>Characteristics :</strong></div><div style=""text-align: left;""> </div><br /><div><ul><li style=""text-align: left;"">100 % premium cotton</li><li style=""text-align: left;"">Pre - washed, always keep their properties</li><li style=""text-align: left;"">Realistic Colors and Drawings</li><li style=""text-align: left;"">Water-based Dyes</li><li style=""text-align: left;"">Free of harmful substances (Certificación Oeko-Tex Standard 100)</li><li style=""text-align: left;"">Respectful of environmental sustainability</li></ul></div></div><p> </p><div style=""text-align: center;""> </div><div style=""text-align: center;""> </div><div style=""text-align: center;""> </div><div style=""text-align: center;""> </div><div style=""text-align: left;""><span style=""font-size: small; text-align: left;""> <img src=""https://www.tedclothing.com/img/house_keeper.png"" alt="""" /><img src=""https://www.tedclothing.com/img/Lavado_cloro_en.jpg"" alt="""" /><img src=""https://www.tedclothing.com/img/Lavadora.jpg"" alt="""" /><img src=""https://www.tedclothing.com/img/Planchado_suave_EN.jpg"" alt="""" /><img src=""https://www.tedclothing.com/img/Secado_medio.jpg"" alt="""" /></span></div>",Colors Mandala  Shorts Man,"Clothes printed in 3D. Discover our collection in TedClothing.com. T-shirts, sweaters, sweatpants, shots, crop tops hoodies and more. Buy trendy clothes.",colors-mandala-shorts-man
4648,Shorts,Acid Colors,Man,Acid Colors Shorts Man,"<div style=""text-align: center;""><p style=""text-align: left;"">Our garments don't shrink or fade . We use natural dyes completly free of harmful substances ( Oeko -Tex Standard 100 - Certification) . Each garment is made under a process of manual tinted with environmental friendly water-based dyes . Our printing system is a unique process that prints directly to the fibers of the products to ensure realism in the colors and durability. Thanks to this, our garments can be ironed without loosing their properties. </p><div style=""text-align: left;""> </div><div style=""text-align: left;""> </div><br /><div style=""text-align: left;""><strong>Characteristics :</strong></div><div style=""text-align: left;""> </div><br /><div><ul><li style=""text-align: left;"">100 % premium cotton</li><li style=""text-align: left;"">Pre - washed, always keep their properties</li><li style=""text-align: left;"">Realistic Colors and Drawings</li><li style=""text-align: left;"">Water-based Dyes</li><li style=""text-align: left;"">Free of harmful substances (Certificación Oeko-Tex Standard 100)</li><li style=""text-align: left;"">Respectful of environmental sustainability</li></ul></div></div><p> </p><div style=""text-align: center;""> </div><div style=""text-align: center;""> </div><div style=""text-align: center;""> </div><div style=""text-align: center;""> </div><div style=""text-align: left;""><span style=""font-size: small; text-align: left;""> <img src=""https://www.tedclothing.com/img/house_keeper.png"" alt="""" /><img src=""https://www.tedclothing.com/img/Lavado_cloro_en.jpg"" alt="""" /><img src=""https://www.tedclothing.com/img/Lavadora.jpg"" alt="""" /><img src=""https://www.tedclothing.com/img/Planchado_suave_EN.jpg"" alt="""" /><img src=""https://www.tedclothing.com/img/Secado_medio.jpg"" alt="""" /></span></div>",Acid Colors Shorts Man,"Clothes printed in 3D. Discover our collection in TedClothing.com. T-shirts, sweaters, sweatpants, shots, crop tops hoodies and more. Buy trendy clothes.",acid-colors-shorts-man
4649,Shorts,Colors Sky,Man,Colors Sky Shorts Man,"<div style=""text-align: center;""><p style=""text-align: left;"">Our garments don't shrink or fade . We use natural dyes completly free of harmful substances ( Oeko -Tex Standard 100 - Certification) . Each garment is made under a process of manual tinted with environmental friendly water-based dyes . Our printing system is a unique process that prints directly to the fibers of the products to ensure realism in the colors and durability. Thanks to this, our garments can be ironed without loosing their properties. </p><div style=""text-align: left;""> </div><div style=""text-align: left;""> </div><br /><div style=""text-align: left;""><strong>Characteristics :</strong></div><div style=""text-align: left;""> </div><br /><div><ul><li style=""text-align: left;"">100 % premium cotton</li><li style=""text-align: left;"">Pre - washed, always keep their properties</li><li style=""text-align: left;"">Realistic Colors and Drawings</li><li style=""text-align: left;"">Water-based Dyes</li><li style=""text-align: left;"">Free of harmful substances (Certificación Oeko-Tex Standard 100)</li><li style=""text-align: left;"">Respectful of environmental sustainability</li></ul></div></div><p> </p><div style=""text-align: center;""> </div><div style=""text-align: center;""> </div><div style=""text-align: center;""> </div><div style=""text-align: center;""> </div><div style=""text-align: left;""><span style=""font-size: small; text-align: left;""> <img src=""https://www.tedclothing.com/img/house_keeper.png"" alt="""" /><img src=""https://www.tedclothing.com/img/Lavado_cloro_en.jpg"" alt="""" /><img src=""https://www.tedclothing.com/img/Lavadora.jpg"" alt="""" /><img src=""https://www.tedclothing.com/img/Planchado_suave_EN.jpg"" alt="""" /><img src=""https://www.tedclothing.com/img/Secado_medio.jpg"" alt="""" /></span></div>",Colors Sky Shorts Man,"Clothes printed in 3D. Discover our collection in TedClothing.com. T-shirts, sweaters, sweatpants, shots, crop tops hoodies and more. Buy trendy clothes.",colors-sky-shorts-man
4650,Shorts,Colors Foam,Man,Colors Foam Shorts Man,"<div style=""text-align: center;""><p style=""text-align: left;"">Our garments don't shrink or fade . We use natural dyes completly free of harmful substances ( Oeko -Tex Standard 100 - Certification) . Each garment is made under a process of manual tinted with environmental friendly water-based dyes . Our printing system is a unique process that prints directly to the fibers of the products to ensure realism in the colors and durability. Thanks to this, our garments can be ironed without loosing their properties. </p><div style=""text-align: left;""> </div><div style=""text-align: left;""> </div><br /><div style=""text-align: left;""><strong>Characteristics :</strong></div><div style=""text-align: left;""> </div><br /><div><ul><li style=""text-align: left;"">100 % premium cotton</li><li style=""text-align: left;"">Pre - washed, always keep their properties</li><li style=""text-align: left;"">Realistic Colors and Drawings</li><li style=""text-align: left;"">Water-based Dyes</li><li style=""text-align: left;"">Free of harmful substances (Certificación Oeko-Tex Standard 100)</li><li style=""text-align: left;"">Respectful of environmental sustainability</li></ul></div></div><p> </p><div style=""text-align: center;""> </div><div style=""text-align: center;""> </div><div style=""text-align: center;""> </div><div style=""text-align: center;""> </div><div style=""text-align: left;""><span style=""font-size: small; text-align: left;""> <img src=""https://www.tedclothing.com/img/house_keeper.png"" alt="""" /><img src=""https://www.tedclothing.com/img/Lavado_cloro_en.jpg"" alt="""" /><img src=""https://www.tedclothing.com/img/Lavadora.jpg"" alt="""" /><img src=""https://www.tedclothing.com/img/Planchado_suave_EN.jpg"" alt="""" /><img src=""https://www.tedclothing.com/img/Secado_medio.jpg"" alt="""" /></span></div>",Colors Foam Shorts Man,"Clothes printed in 3D. Discover our collection in TedClothing.com. T-shirts, sweaters, sweatpants, shots, crop tops hoodies and more. Buy trendy clothes.",colors-foam-shorts-man
4651,Shorts,Neon,Man,Neon Shorts Man,"<div style=""text-align: center;""><p style=""text-align: left;"">Our garments don't shrink or fade . We use natural dyes completly free of harmful substances ( Oeko -Tex Standard 100 - Certification) . Each garment is made under a process of manual tinted with environmental friendly water-based dyes . Our printing system is a unique process that prints directly to the fibers of the products to ensure realism in the colors and durability. Thanks to this, our garments can be ironed without loosing their properties. </p><div style=""text-align: left;""> </div><div style=""text-align: left;""> </div><br /><div style=""text-align: left;""><strong>Characteristics :</strong></div><div style=""text-align: left;""> </div><br /><div><ul><li style=""text-align: left;"">100 % premium cotton</li><li style=""text-align: left;"">Pre - washed, always keep their properties</li><li style=""text-align: left;"">Realistic Colors and Drawings</li><li style=""text-align: left;"">Water-based Dyes</li><li style=""text-align: left;"">Free of harmful substances (Certificación Oeko-Tex Standard 100)</li><li style=""text-align: left;"">Respectful of environmental sustainability</li></ul></div></div><p> </p><div style=""text-align: center;""> </div><div style=""text-align: center;""> </div><div style=""text-align: center;""> </div><div style=""text-align: center;""> </div><div style=""text-align: left;""><span style=""font-size: small; text-align: left;""> <img src=""https://www.tedclothing.com/img/house_keeper.png"" alt="""" /><img src=""https://www.tedclothing.com/img/Lavado_cloro_en.jpg"" alt="""" /><img src=""https://www.tedclothing.com/img/Lavadora.jpg"" alt="""" /><img src=""https://www.tedclothing.com/img/Planchado_suave_EN.jpg"" alt="""" /><img src=""https://www.tedclothing.com/img/Secado_medio.jpg"" alt="""" /></span></div>",Neon Shorts Man,"Clothes printed in 3D. Discover our collection in TedClothing.com. T-shirts, sweaters, sweatpants, shots, crop tops hoodies and more. Buy trendy clothes.",neon-shorts-man
4652,Shorts,Abstract Diamond,Man,Abstract Diamond Shorts Man,"<div style=""text-align: center;""><p style=""text-align: left;"">Our garments don't shrink or fade . We use natural dyes completly free of harmful substances ( Oeko -Tex Standard 100 - Certification) . Each garment is made under a process of manual tinted with environmental friendly water-based dyes . Our printing system is a unique process that prints directly to the fibers of the products to ensure realism in the colors and durability. Thanks to this, our garments can be ironed without loosing their properties. </p><div style=""text-align: left;""> </div><div style=""text-align: left;""> </div><br /><div style=""text-align: left;""><strong>Characteristics :</strong></div><div style=""text-align: left;""> </div><br /><div><ul><li style=""text-align: left;"">100 % premium cotton</li><li style=""text-align: left;"">Pre - washed, always keep their properties</li><li style=""text-align: left;"">Realistic Colors and Drawings</li><li style=""text-align: left;"">Water-based Dyes</li><li style=""text-align: left;"">Free of harmful substances (Certificación Oeko-Tex Standard 100)</li><li style=""text-align: left;"">Respectful of environmental sustainability</li></ul></div></div><p> </p><div style=""text-align: center;""> </div><div style=""text-align: center;""> </div><div style=""text-align: center;""> </div><div style=""text-align: center;""> </div><div style=""text-align: left;""><span style=""font-size: small; text-align: left;""> <img src=""https://www.tedclothing.com/img/house_keeper.png"" alt="""" /><img src=""https://www.tedclothing.com/img/Lavado_cloro_en.jpg"" alt="""" /><img src=""https://www.tedclothing.com/img/Lavadora.jpg"" alt="""" /><img src=""https://www.tedclothing.com/img/Planchado_suave_EN.jpg"" alt="""" /><img src=""https://www.tedclothing.com/img/Secado_medio.jpg"" alt="""" /></span></div>",Abstract Diamond Shorts Man,"Clothes printed in 3D. Discover our collection in TedClothing.com. T-shirts, sweaters, sweatpants, shots, crop tops hoodies and more. Buy trendy clothes.",abstract-diamond-shorts-man
4653,Shorts,Colors Lines,Man,Colors Lines Shorts Man,"<div style=""text-align: center;""><p style=""text-align: left;"">Our garments don't shrink or fade . We use natural dyes completly free of harmful substances ( Oeko -Tex Standard 100 - Certification) . Each garment is made under a process of manual tinted with environmental friendly water-based dyes . Our printing system is a unique process that prints directly to the fibers of the products to ensure realism in the colors and durability. Thanks to this, our garments can be ironed without loosing their properties. </p><div style=""text-align: left;""> </div><div style=""text-align: left;""> </div><br /><div style=""text-align: left;""><strong>Characteristics :</strong></div><div style=""text-align: left;""> </div><br /><div><ul><li style=""text-align: left;"">100 % premium cotton</li><li style=""text-align: left;"">Pre - washed, always keep their properties</li><li style=""text-align: left;"">Realistic Colors and Drawings</li><li style=""text-align: left;"">Water-based Dyes</li><li style=""text-align: left;"">Free of harmful substances (Certificación Oeko-Tex Standard 100)</li><li style=""text-align: left;"">Respectful of environmental sustainability</li></ul></div></div><p> </p><div style=""text-align: center;""> </div><div style=""text-align: center;""> </div><div style=""text-align: center;""> </div><div style=""text-align: center;""> </div><div style=""text-align: left;""><span style=""font-size: small; text-align: left;""> <img src=""https://www.tedclothing.com/img/house_keeper.png"" alt="""" /><img src=""https://www.tedclothing.com/img/Lavado_cloro_en.jpg"" alt="""" /><img src=""https://www.tedclothing.com/img/Lavadora.jpg"" alt="""" /><img src=""https://www.tedclothing.com/img/Planchado_suave_EN.jpg"" alt="""" /><img src=""https://www.tedclothing.com/img/Secado_medio.jpg"" alt="""" /></span></div>",Colors Lines Shorts Man,"Clothes printed in 3D. Discover our collection in TedClothing.com. T-shirts, sweaters, sweatpants, shots, crop tops hoodies and more. Buy trendy clothes.",colors-lines-shorts-man
4654,Shorts,Red Skye,Man,Red Skye Shorts Man,"<div style=""text-align: center;""><p style=""text-align: left;"">Our garments don't shrink or fade . We use natural dyes completly free of harmful substances ( Oeko -Tex Standard 100 - Certification) . Each garment is made under a process of manual tinted with environmental friendly water-based dyes . Our printing system is a unique process that prints directly to the fibers of the products to ensure realism in the colors and durability. Thanks to this, our garments can be ironed without loosing their properties. </p><div style=""text-align: left;""> </div><div style=""text-align: left;""> </div><br /><div style=""text-align: left;""><strong>Characteristics :</strong></div><div style=""text-align: left;""> </div><br /><div><ul><li style=""text-align: left;"">100 % premium cotton</li><li style=""text-align: left;"">Pre - washed, always keep their properties</li><li style=""text-align: left;"">Realistic Colors and Drawings</li><li style=""text-align: left;"">Water-based Dyes</li><li style=""text-align: left;"">Free of harmful substances (Certificación Oeko-Tex Standard 100)</li><li style=""text-align: left;"">Respectful of environmental sustainability</li></ul></div></div><p> </p><div style=""text-align: center;""> </div><div style=""text-align: center;""> </div><div style=""text-align: center;""> </div><div style=""text-align: center;""> </div><div style=""text-align: left;""><span style=""font-size: small; text-align: left;""> <img src=""https://www.tedclothing.com/img/house_keeper.png"" alt="""" /><img src=""https://www.tedclothing.com/img/Lavado_cloro_en.jpg"" alt="""" /><img src=""https://www.tedclothing.com/img/Lavadora.jpg"" alt="""" /><img src=""https://www.tedclothing.com/img/Planchado_suave_EN.jpg"" alt="""" /><img src=""https://www.tedclothing.com/img/Secado_medio.jpg"" alt="""" /></span></div>",Red Skye Shorts Man,"Clothes printed in 3D. Discover our collection in TedClothing.com. T-shirts, sweaters, sweatpants, shots, crop tops hoodies and more. Buy trendy clothes.",red-skye-shorts-man
4655,Shorts,Multicolored Acid,Man,Multicolored Acid Shorts Man,"<div style=""text-align: center;""><p style=""text-align: left;"">Our garments don't shrink or fade . We use natural dyes completly free of harmful substances ( Oeko -Tex Standard 100 - Certification) . Each garment is made under a process of manual tinted with environmental friendly water-based dyes . Our printing system is a unique process that prints directly to the fibers of the products to ensure realism in the colors and durability. Thanks to this, our garments can be ironed without loosing their properties. </p><div style=""text-align: left;""> </div><div style=""text-align: left;""> </div><br /><div style=""text-align: left;""><strong>Characteristics :</strong></div><div style=""text-align: left;""> </div><br /><div><ul><li style=""text-align: left;"">100 % premium cotton</li><li style=""text-align: left;"">Pre - washed, always keep their properties</li><li style=""text-align: left;"">Realistic Colors and Drawings</li><li style=""text-align: left;"">Water-based Dyes</li><li style=""text-align: left;"">Free of harmful substances (Certificación Oeko-Tex Standard 100)</li><li style=""text-align: left;"">Respectful of environmental sustainability</li></ul></div></div><p> </p><div style=""text-align: center;""> </div><div style=""text-align: center;""> </div><div style=""text-align: center;""> </div><div style=""text-align: center;""> </div><div style=""text-align: left;""><span style=""font-size: small; text-align: left;""> <img src=""https://www.tedclothing.com/img/house_keeper.png"" alt="""" /><img src=""https://www.tedclothing.com/img/Lavado_cloro_en.jpg"" alt="""" /><img src=""https://www.tedclothing.com/img/Lavadora.jpg"" alt="""" /><img src=""https://www.tedclothing.com/img/Planchado_suave_EN.jpg"" alt="""" /><img src=""https://www.tedclothing.com/img/Secado_medio.jpg"" alt="""" /></span></div>",Multicolored Acid Shorts Man,"Clothes printed in 3D. Discover our collection in TedClothing.com. T-shirts, sweaters, sweatpants, shots, crop tops hoodies and more. Buy trendy clothes.",multicolored-acid-shorts-man
4656,Shorts,Acid Green Sky,Man,Acid Green Sky Shorts Man,"<div style=""text-align: center;""><p style=""text-align: left;"">Our garments don't shrink or fade . We use natural dyes completly free of harmful substances ( Oeko -Tex Standard 100 - Certification) . Each garment is made under a process of manual tinted with environmental friendly water-based dyes . Our printing system is a unique process that prints directly to the fibers of the products to ensure realism in the colors and durability. Thanks to this, our garments can be ironed without loosing their properties. </p><div style=""text-align: left;""> </div><div style=""text-align: left;""> </div><br /><div style=""text-align: left;""><strong>Characteristics :</strong></div><div style=""text-align: left;""> </div><br /><div><ul><li style=""text-align: left;"">100 % premium cotton</li><li style=""text-align: left;"">Pre - washed, always keep their properties</li><li style=""text-align: left;"">Realistic Colors and Drawings</li><li style=""text-align: left;"">Water-based Dyes</li><li style=""text-align: left;"">Free of harmful substances (Certificación Oeko-Tex Standard 100)</li><li style=""text-align: left;"">Respectful of environmental sustainability</li></ul></div></div><p> </p><div style=""text-align: center;""> </div><div style=""text-align: center;""> </div><div style=""text-align: center;""> </div><div style=""text-align: center;""> </div><div style=""text-align: left;""><span style=""font-size: small; text-align: left;""> <img src=""https://www.tedclothing.com/img/house_keeper.png"" alt="""" /><img src=""https://www.tedclothing.com/img/Lavado_cloro_en.jpg"" alt="""" /><img src=""https://www.tedclothing.com/img/Lavadora.jpg"" alt="""" /><img src=""https://www.tedclothing.com/img/Planchado_suave_EN.jpg"" alt="""" /><img src=""https://www.tedclothing.com/img/Secado_medio.jpg"" alt="""" /></span></div>",Acid Green Sky Shorts Man,"Clothes printed in 3D. Discover our collection in TedClothing.com. T-shirts, sweaters, sweatpants, shots, crop tops hoodies and more. Buy trendy clothes.",acid-green-sky-shorts-man
4657,Shorts,Candy Colors,Man,Candy Colors Shorts Man,"<div style=""text-align: center;""><p style=""text-align: left;"">Our garments don't shrink or fade . We use natural dyes completly free of harmful substances ( Oeko -Tex Standard 100 - Certification) . Each garment is made under a process of manual tinted with environmental friendly water-based dyes . Our printing system is a unique process that prints directly to the fibers of the products to ensure realism in the colors and durability. Thanks to this, our garments can be ironed without loosing their properties. </p><div style=""text-align: left;""> </div><div style=""text-align: left;""> </div><br /><div style=""text-align: left;""><strong>Characteristics :</strong></div><div style=""text-align: left;""> </div><br /><div><ul><li style=""text-align: left;"">100 % premium cotton</li><li style=""text-align: left;"">Pre - washed, always keep their properties</li><li style=""text-align: left;"">Realistic Colors and Drawings</li><li style=""text-align: left;"">Water-based Dyes</li><li style=""text-align: left;"">Free of harmful substances (Certificación Oeko-Tex Standard 100)</li><li style=""text-align: left;"">Respectful of environmental sustainability</li></ul></div></div><p> </p><div style=""text-align: center;""> </div><div style=""text-align: center;""> </div><div style=""text-align: center;""> </div><div style=""text-align: center;""> </div><div style=""text-align: left;""><span style=""font-size: small; text-align: left;""> <img src=""https://www.tedclothing.com/img/house_keeper.png"" alt="""" /><img src=""https://www.tedclothing.com/img/Lavado_cloro_en.jpg"" alt="""" /><img src=""https://www.tedclothing.com/img/Lavadora.jpg"" alt="""" /><img src=""https://www.tedclothing.com/img/Planchado_suave_EN.jpg"" alt="""" /><img src=""https://www.tedclothing.com/img/Secado_medio.jpg"" alt="""" /></span></div>",Candy Colors Shorts Man,"Clothes printed in 3D. Discover our collection in TedClothing.com. T-shirts, sweaters, sweatpants, shots, crop tops hoodies and more. Buy trendy clothes.",candy-colors-shorts-man
4658,Shorts,Delicious Food,Man,Delicious Food Shorts Man,"<div style=""text-align: center;""><p style=""text-align: left;"">Our garments don't shrink or fade . We use natural dyes completly free of harmful substances ( Oeko -Tex Standard 100 - Certification) . Each garment is made under a process of manual tinted with environmental friendly water-based dyes . Our printing system is a unique process that prints directly to the fibers of the products to ensure realism in the colors and durability. Thanks to this, our garments can be ironed without loosing their properties. </p><div style=""text-align: left;""> </div><div style=""text-align: left;""> </div><br /><div style=""text-align: left;""><strong>Characteristics :</strong></div><div style=""text-align: left;""> </div><br /><div><ul><li style=""text-align: left;"">100 % premium cotton</li><li style=""text-align: left;"">Pre - washed, always keep their properties</li><li style=""text-align: left;"">Realistic Colors and Drawings</li><li style=""text-align: left;"">Water-based Dyes</li><li style=""text-align: left;"">Free of harmful substances (Certificación Oeko-Tex Standard 100)</li><li style=""text-align: left;"">Respectful of environmental sustainability</li></ul></div></div><p> </p><div style=""text-align: center;""> </div><div style=""text-align: center;""> </div><div style=""text-align: center;""> </div><div style=""text-align: center;""> </div><div style=""text-align: left;""><span style=""font-size: small; text-align: left;""> <img src=""https://www.tedclothing.com/img/house_keeper.png"" alt="""" /><img src=""https://www.tedclothing.com/img/Lavado_cloro_en.jpg"" alt="""" /><img src=""https://www.tedclothing.com/img/Lavadora.jpg"" alt="""" /><img src=""https://www.tedclothing.com/img/Planchado_suave_EN.jpg"" alt="""" /><img src=""https://www.tedclothing.com/img/Secado_medio.jpg"" alt="""" /></span></div>",Delicious Food Shorts Man,"Clothes printed in 3D. Discover our collection in TedClothing.com. T-shirts, sweaters, sweatpants, shots, crop tops hoodies and more. Buy trendy clothes.",delicious-food-shorts-man
4659,Shorts,Ganesha Jake,Man,Ganesha Jake Shorts Man,"<div style=""text-align: center;""><p style=""text-align: left;"">Our garments don't shrink or fade . We use natural dyes completly free of harmful substances ( Oeko -Tex Standard 100 - Certification) . Each garment is made under a process of manual tinted with environmental friendly water-based dyes . Our printing system is a unique process that prints directly to the fibers of the products to ensure realism in the colors and durability. Thanks to this, our garments can be ironed without loosing their properties. </p><div style=""text-align: left;""> </div><div style=""text-align: left;""> </div><br /><div style=""text-align: left;""><strong>Characteristics :</strong></div><div style=""text-align: left;""> </div><br /><div><ul><li style=""text-align: left;"">100 % premium cotton</li><li style=""text-align: left;"">Pre - washed, always keep their properties</li><li style=""text-align: left;"">Realistic Colors and Drawings</li><li style=""text-align: left;"">Water-based Dyes</li><li style=""text-align: left;"">Free of harmful substances (Certificación Oeko-Tex Standard 100)</li><li style=""text-align: left;"">Respectful of environmental sustainability</li></ul></div></div><p> </p><div style=""text-align: center;""> </div><div style=""text-align: center;""> </div><div style=""text-align: center;""> </div><div style=""text-align: center;""> </div><div style=""text-align: left;""><span style=""font-size: small; text-align: left;""> <img src=""https://www.tedclothing.com/img/house_keeper.png"" alt="""" /><img src=""https://www.tedclothing.com/img/Lavado_cloro_en.jpg"" alt="""" /><img src=""https://www.tedclothing.com/img/Lavadora.jpg"" alt="""" /><img src=""https://www.tedclothing.com/img/Planchado_suave_EN.jpg"" alt="""" /><img src=""https://www.tedclothing.com/img/Secado_medio.jpg"" alt="""" /></span></div>",Ganesha Jake Shorts Man,"Clothes printed in 3D. Discover our collection in TedClothing.com. T-shirts, sweaters, sweatpants, shots, crop tops hoodies and more. Buy trendy clothes.",ganesha-jake-shorts-man
4660,Shorts,Colors Sand,Man,Colors Sand Shorts Man,"<div style=""text-align: center;""><p style=""text-align: left;"">Our garments don't shrink or fade . We use natural dyes completly free of harmful substances ( Oeko -Tex Standard 100 - Certification) . Each garment is made under a process of manual tinted with environmental friendly water-based dyes . Our printing system is a unique process that prints directly to the fibers of the products to ensure realism in the colors and durability. Thanks to this, our garments can be ironed without loosing their properties. </p><div style=""text-align: left;""> </div><div style=""text-align: left;""> </div><br /><div style=""text-align: left;""><strong>Characteristics :</strong></div><div style=""text-align: left;""> </div><br /><div><ul><li style=""text-align: left;"">100 % premium cotton</li><li style=""text-align: left;"">Pre - washed, always keep their properties</li><li style=""text-align: left;"">Realistic Colors and Drawings</li><li style=""text-align: left;"">Water-based Dyes</li><li style=""text-align: left;"">Free of harmful substances (Certificación Oeko-Tex Standard 100)</li><li style=""text-align: left;"">Respectful of environmental sustainability</li></ul></div></div><p> </p><div style=""text-align: center;""> </div><div style=""text-align: center;""> </div><div style=""text-align: center;""> </div><div style=""text-align: center;""> </div><div style=""text-align: left;""><span style=""font-size: small; text-align: left;""> <img src=""https://www.tedclothing.com/img/house_keeper.png"" alt="""" /><img src=""https://www.tedclothing.com/img/Lavado_cloro_en.jpg"" alt="""" /><img src=""https://www.tedclothing.com/img/Lavadora.jpg"" alt="""" /><img src=""https://www.tedclothing.com/img/Planchado_suave_EN.jpg"" alt="""" /><img src=""https://www.tedclothing.com/img/Secado_medio.jpg"" alt="""" /></span></div>",Colors Sand Shorts Man,"Clothes printed in 3D. Discover our collection in TedClothing.com. T-shirts, sweaters, sweatpants, shots, crop tops hoodies and more. Buy trendy clothes.",colors-sand-shorts-man
4661,Shorts,Cats,Man,Cats Shorts Man,"<div style=""text-align: center;""><p style=""text-align: left;"">Our garments don't shrink or fade . We use natural dyes completly free of harmful substances ( Oeko -Tex Standard 100 - Certification) . Each garment is made under a process of manual tinted with environmental friendly water-based dyes . Our printing system is a unique process that prints directly to the fibers of the products to ensure realism in the colors and durability. Thanks to this, our garments can be ironed without loosing their properties. </p><div style=""text-align: left;""> </div><div style=""text-align: left;""> </div><br /><div style=""text-align: left;""><strong>Characteristics :</strong></div><div style=""text-align: left;""> </div><br /><div><ul><li style=""text-align: left;"">100 % premium cotton</li><li style=""text-align: left;"">Pre - washed, always keep their properties</li><li style=""text-align: left;"">Realistic Colors and Drawings</li><li style=""text-align: left;"">Water-based Dyes</li><li style=""text-align: left;"">Free of harmful substances (Certificación Oeko-Tex Standard 100)</li><li style=""text-align: left;"">Respectful of environmental sustainability</li></ul></div></div><p> </p><div style=""text-align: center;""> </div><div style=""text-align: center;""> </div><div style=""text-align: center;""> </div><div style=""text-align: center;""> </div><div style=""text-align: left;""><span style=""font-size: small; text-align: left;""> <img src=""https://www.tedclothing.com/img/house_keeper.png"" alt="""" /><img src=""https://www.tedclothing.com/img/Lavado_cloro_en.jpg"" alt="""" /><img src=""https://www.tedclothing.com/img/Lavadora.jpg"" alt="""" /><img src=""https://www.tedclothing.com/img/Planchado_suave_EN.jpg"" alt="""" /><img src=""https://www.tedclothing.com/img/Secado_medio.jpg"" alt="""" /></span></div>",Cats Shorts Man,"Clothes printed in 3D. Discover our collection in TedClothing.com. T-shirts, sweaters, sweatpants, shots, crop tops hoodies and more. Buy trendy clothes.",cats-shorts-man
4662,Shorts,Dark Space,Man,Dark Space Shorts Man,"<div style=""text-align: center;""><p style=""text-align: left;"">Our garments don't shrink or fade . We use natural dyes completly free of harmful substances ( Oeko -Tex Standard 100 - Certification) . Each garment is made under a process of manual tinted with environmental friendly water-based dyes . Our printing system is a unique process that prints directly to the fibers of the products to ensure realism in the colors and durability. Thanks to this, our garments can be ironed without loosing their properties. </p><div style=""text-align: left;""> </div><div style=""text-align: left;""> </div><br /><div style=""text-align: left;""><strong>Characteristics :</strong></div><div style=""text-align: left;""> </div><br /><div><ul><li style=""text-align: left;"">100 % premium cotton</li><li style=""text-align: left;"">Pre - washed, always keep their properties</li><li style=""text-align: left;"">Realistic Colors and Drawings</li><li style=""text-align: left;"">Water-based Dyes</li><li style=""text-align: left;"">Free of harmful substances (Certificación Oeko-Tex Standard 100)</li><li style=""text-align: left;"">Respectful of environmental sustainability</li></ul></div></div><p> </p><div style=""text-align: center;""> </div><div style=""text-align: center;""> </div><div style=""text-align: center;""> </div><div style=""text-align: center;""> </div><div style=""text-align: left;""><span style=""font-size: small; text-align: left;""> <img src=""https://www.tedclothing.com/img/house_keeper.png"" alt="""" /><img src=""https://www.tedclothing.com/img/Lavado_cloro_en.jpg"" alt="""" /><img src=""https://www.tedclothing.com/img/Lavadora.jpg"" alt="""" /><img src=""https://www.tedclothing.com/img/Planchado_suave_EN.jpg"" alt="""" /><img src=""https://www.tedclothing.com/img/Secado_medio.jpg"" alt="""" /></span></div>",Dark Space Shorts Man,"Clothes printed in 3D. Discover our collection in TedClothing.com. T-shirts, sweaters, sweatpants, shots, crop tops hoodies and more. Buy trendy clothes.",dark-space-shorts-man
4663,Shorts,Abstract Multicolored,Man,Abstract Multicolored Shorts Man,"<div style=""text-align: center;""><p style=""text-align: left;"">Our garments don't shrink or fade . We use natural dyes completly free of harmful substances ( Oeko -Tex Standard 100 - Certification) . Each garment is made under a process of manual tinted with environmental friendly water-based dyes . Our printing system is a unique process that prints directly to the fibers of the products to ensure realism in the colors and durability. Thanks to this, our garments can be ironed without loosing their properties. </p><div style=""text-align: left;""> </div><div style=""text-align: left;""> </div><br /><div style=""text-align: left;""><strong>Characteristics :</strong></div><div style=""text-align: left;""> </div><br /><div><ul><li style=""text-align: left;"">100 % premium cotton</li><li style=""text-align: left;"">Pre - washed, always keep their properties</li><li style=""text-align: left;"">Realistic Colors and Drawings</li><li style=""text-align: left;"">Water-based Dyes</li><li style=""text-align: left;"">Free of harmful substances (Certificación Oeko-Tex Standard 100)</li><li style=""text-align: left;"">Respectful of environmental sustainability</li></ul></div></div><p> </p><div style=""text-align: center;""> </div><div style=""text-align: center;""> </div><div style=""text-align: center;""> </div><div style=""text-align: center;""> </div><div style=""text-align: left;""><span style=""font-size: small; text-align: left;""> <img src=""https://www.tedclothing.com/img/house_keeper.png"" alt="""" /><img src=""https://www.tedclothing.com/img/Lavado_cloro_en.jpg"" alt="""" /><img src=""https://www.tedclothing.com/img/Lavadora.jpg"" alt="""" /><img src=""https://www.tedclothing.com/img/Planchado_suave_EN.jpg"" alt="""" /><img src=""https://www.tedclothing.com/img/Secado_medio.jpg"" alt="""" /></span></div>",Abstract Multicolored Shorts Man,"Clothes printed in 3D. Discover our collection in TedClothing.com. T-shirts, sweaters, sweatpants, shots, crop tops hoodies and more. Buy trendy clothes.",abstract-multicolored-shorts-man
4664,Shorts,Colors 90s,Man,Colors 90s Shorts Man,"<div style=""text-align: center;""><p style=""text-align: left;"">Our garments don't shrink or fade . We use natural dyes completly free of harmful substances ( Oeko -Tex Standard 100 - Certification) . Each garment is made under a process of manual tinted with environmental friendly water-based dyes . Our printing system is a unique process that prints directly to the fibers of the products to ensure realism in the colors and durability. Thanks to this, our garments can be ironed without loosing their properties. </p><div style=""text-align: left;""> </div><div style=""text-align: left;""> </div><br /><div style=""text-align: left;""><strong>Characteristics :</strong></div><div style=""text-align: left;""> </div><br /><div><ul><li style=""text-align: left;"">100 % premium cotton</li><li style=""text-align: left;"">Pre - washed, always keep their properties</li><li style=""text-align: left;"">Realistic Colors and Drawings</li><li style=""text-align: left;"">Water-based Dyes</li><li style=""text-align: left;"">Free of harmful substances (Certificación Oeko-Tex Standard 100)</li><li style=""text-align: left;"">Respectful of environmental sustainability</li></ul></div></div><p> </p><div style=""text-align: center;""> </div><div style=""text-align: center;""> </div><div style=""text-align: center;""> </div><div style=""text-align: center;""> </div><div style=""text-align: left;""><span style=""font-size: small; text-align: left;""> <img src=""https://www.tedclothing.com/img/house_keeper.png"" alt="""" /><img src=""https://www.tedclothing.com/img/Lavado_cloro_en.jpg"" alt="""" /><img src=""https://www.tedclothing.com/img/Lavadora.jpg"" alt="""" /><img src=""https://www.tedclothing.com/img/Planchado_suave_EN.jpg"" alt="""" /><img src=""https://www.tedclothing.com/img/Secado_medio.jpg"" alt="""" /></span></div>",Colors 90s Shorts Man,"Clothes printed in 3D. Discover our collection in TedClothing.com. T-shirts, sweaters, sweatpants, shots, crop tops hoodies and more. Buy trendy clothes.",colors-90s-shorts-man
4665,Shorts,Fusion of Colors,Man,Fusion of Colors Shorts Man,"<div style=""text-align: center;""><p style=""text-align: left;"">Our garments don't shrink or fade . We use natural dyes completly free of harmful substances ( Oeko -Tex Standard 100 - Certification) . Each garment is made under a process of manual tinted with environmental friendly water-based dyes . Our printing system is a unique process that prints directly to the fibers of the products to ensure realism in the colors and durability. Thanks to this, our garments can be ironed without loosing their properties. </p><div style=""text-align: left;""> </div><div style=""text-align: left;""> </div><br /><div style=""text-align: left;""><strong>Characteristics :</strong></div><div style=""text-align: left;""> </div><br /><div><ul><li style=""text-align: left;"">100 % premium cotton</li><li style=""text-align: left;"">Pre - washed, always keep their properties</li><li style=""text-align: left;"">Realistic Colors and Drawings</li><li style=""text-align: left;"">Water-based Dyes</li><li style=""text-align: left;"">Free of harmful substances (Certificación Oeko-Tex Standard 100)</li><li style=""text-align: left;"">Respectful of environmental sustainability</li></ul></div></div><p> </p><div style=""text-align: center;""> </div><div style=""text-align: center;""> </div><div style=""text-align: center;""> </div><div style=""text-align: center;""> </div><div style=""text-align: left;""><span style=""font-size: small; text-align: left;""> <img src=""https://www.tedclothing.com/img/house_keeper.png"" alt="""" /><img src=""https://www.tedclothing.com/img/Lavado_cloro_en.jpg"" alt="""" /><img src=""https://www.tedclothing.com/img/Lavadora.jpg"" alt="""" /><img src=""https://www.tedclothing.com/img/Planchado_suave_EN.jpg"" alt="""" /><img src=""https://www.tedclothing.com/img/Secado_medio.jpg"" alt="""" /></span></div>",Fusion of Colors Shorts Man,"Clothes printed in 3D. Discover our collection in TedClothing.com. T-shirts, sweaters, sweatpants, shots, crop tops hoodies and more. Buy trendy clothes.",fusion-of-colors-shorts-man
4666,Shorts,Sweet Cake,Man,Sweet Cake Shorts Man,"<div style=""text-align: center;""><p style=""text-align: left;"">Our garments don't shrink or fade . We use natural dyes completly free of harmful substances ( Oeko -Tex Standard 100 - Certification) . Each garment is made under a process of manual tinted with environmental friendly water-based dyes . Our printing system is a unique process that prints directly to the fibers of the products to ensure realism in the colors and durability. Thanks to this, our garments can be ironed without loosing their properties. </p><div style=""text-align: left;""> </div><div style=""text-align: left;""> </div><br /><div style=""text-align: left;""><strong>Characteristics :</strong></div><div style=""text-align: left;""> </div><br /><div><ul><li style=""text-align: left;"">100 % premium cotton</li><li style=""text-align: left;"">Pre - washed, always keep their properties</li><li style=""text-align: left;"">Realistic Colors and Drawings</li><li style=""text-align: left;"">Water-based Dyes</li><li style=""text-align: left;"">Free of harmful substances (Certificación Oeko-Tex Standard 100)</li><li style=""text-align: left;"">Respectful of environmental sustainability</li></ul></div></div><p> </p><div style=""text-align: center;""> </div><div style=""text-align: center;""> </div><div style=""text-align: center;""> </div><div style=""text-align: center;""> </div><div style=""text-align: left;""><span style=""font-size: small; text-align: left;""> <img src=""https://www.tedclothing.com/img/house_keeper.png"" alt="""" /><img src=""https://www.tedclothing.com/img/Lavado_cloro_en.jpg"" alt="""" /><img src=""https://www.tedclothing.com/img/Lavadora.jpg"" alt="""" /><img src=""https://www.tedclothing.com/img/Planchado_suave_EN.jpg"" alt="""" /><img src=""https://www.tedclothing.com/img/Secado_medio.jpg"" alt="""" /></span></div>",Sweet Cake Shorts Man,"Clothes printed in 3D. Discover our collection in TedClothing.com. T-shirts, sweaters, sweatpants, shots, crop tops hoodies and more. Buy trendy clothes.",sweet-cake-shorts-man
4667,Shorts,Pastel Colored Sky,Man,Pastel Colored Sky Shorts Man,"<div style=""text-align: center;""><p style=""text-align: left;"">Our garments don't shrink or fade . We use natural dyes completly free of harmful substances ( Oeko -Tex Standard 100 - Certification) . Each garment is made under a process of manual tinted with environmental friendly water-based dyes . Our printing system is a unique process that prints directly to the fibers of the products to ensure realism in the colors and durability. Thanks to this, our garments can be ironed without loosing their properties. </p><div style=""text-align: left;""> </div><div style=""text-align: left;""> </div><br /><div style=""text-align: left;""><strong>Characteristics :</strong></div><div style=""text-align: left;""> </div><br /><div><ul><li style=""text-align: left;"">100 % premium cotton</li><li style=""text-align: left;"">Pre - washed, always keep their properties</li><li style=""text-align: left;"">Realistic Colors and Drawings</li><li style=""text-align: left;"">Water-based Dyes</li><li style=""text-align: left;"">Free of harmful substances (Certificación Oeko-Tex Standard 100)</li><li style=""text-align: left;"">Respectful of environmental sustainability</li></ul></div></div><p> </p><div style=""text-align: center;""> </div><div style=""text-align: center;""> </div><div style=""text-align: center;""> </div><div style=""text-align: center;""> </div><div style=""text-align: left;""><span style=""font-size: small; text-align: left;""> <img src=""https://www.tedclothing.com/img/house_keeper.png"" alt="""" /><img src=""https://www.tedclothing.com/img/Lavado_cloro_en.jpg"" alt="""" /><img src=""https://www.tedclothing.com/img/Lavadora.jpg"" alt="""" /><img src=""https://www.tedclothing.com/img/Planchado_suave_EN.jpg"" alt="""" /><img src=""https://www.tedclothing.com/img/Secado_medio.jpg"" alt="""" /></span></div>",Pastel Colored Sky Shorts Man,"Clothes printed in 3D. Discover our collection in TedClothing.com. T-shirts, sweaters, sweatpants, shots, crop tops hoodies and more. Buy trendy clothes.",pastel-colored-sky-shorts-man
4668,Shorts,Colors textures,Man,Colors textures Shorts Man,"<div style=""text-align: center;""><p style=""text-align: left;"">Our garments don't shrink or fade . We use natural dyes completly free of harmful substances ( Oeko -Tex Standard 100 - Certification) . Each garment is made under a process of manual tinted with environmental friendly water-based dyes . Our printing system is a unique process that prints directly to the fibers of the products to ensure realism in the colors and durability. Thanks to this, our garments can be ironed without loosing their properties. </p><div style=""text-align: left;""> </div><div style=""text-align: left;""> </div><br /><div style=""text-align: left;""><strong>Characteristics :</strong></div><div style=""text-align: left;""> </div><br /><div><ul><li style=""text-align: left;"">100 % premium cotton</li><li style=""text-align: left;"">Pre - washed, always keep their properties</li><li style=""text-align: left;"">Realistic Colors and Drawings</li><li style=""text-align: left;"">Water-based Dyes</li><li style=""text-align: left;"">Free of harmful substances (Certificación Oeko-Tex Standard 100)</li><li style=""text-align: left;"">Respectful of environmental sustainability</li></ul></div></div><p> </p><div style=""text-align: center;""> </div><div style=""text-align: center;""> </div><div style=""text-align: center;""> </div><div style=""text-align: center;""> </div><div style=""text-align: left;""><span style=""font-size: small; text-align: left;""> <img src=""https://www.tedclothing.com/img/house_keeper.png"" alt="""" /><img src=""https://www.tedclothing.com/img/Lavado_cloro_en.jpg"" alt="""" /><img src=""https://www.tedclothing.com/img/Lavadora.jpg"" alt="""" /><img src=""https://www.tedclothing.com/img/Planchado_suave_EN.jpg"" alt="""" /><img src=""https://www.tedclothing.com/img/Secado_medio.jpg"" alt="""" /></span></div>",Colors textures Shorts Man,"Clothes printed in 3D. Discover our collection in TedClothing.com. T-shirts, sweaters, sweatpants, shots, crop tops hoodies and more. Buy trendy clothes.",colors-textures-shorts-man
4669,Shorts,Colors Art,Man,Colors Art Shorts Man,"<div style=""text-align: center;""><p style=""text-align: left;"">Our garments don't shrink or fade . We use natural dyes completly free of harmful substances ( Oeko -Tex Standard 100 - Certification) . Each garment is made under a process of manual tinted with environmental friendly water-based dyes . Our printing system is a unique process that prints directly to the fibers of the products to ensure realism in the colors and durability. Thanks to this, our garments can be ironed without loosing their properties. </p><div style=""text-align: left;""> </div><div style=""text-align: left;""> </div><br /><div style=""text-align: left;""><strong>Characteristics :</strong></div><div style=""text-align: left;""> </div><br /><div><ul><li style=""text-align: left;"">100 % premium cotton</li><li style=""text-align: left;"">Pre - washed, always keep their properties</li><li style=""text-align: left;"">Realistic Colors and Drawings</li><li style=""text-align: left;"">Water-based Dyes</li><li style=""text-align: left;"">Free of harmful substances (Certificación Oeko-Tex Standard 100)</li><li style=""text-align: left;"">Respectful of environmental sustainability</li></ul></div></div><p> </p><div style=""text-align: center;""> </div><div style=""text-align: center;""> </div><div style=""text-align: center;""> </div><div style=""text-align: center;""> </div><div style=""text-align: left;""><span style=""font-size: small; text-align: left;""> <img src=""https://www.tedclothing.com/img/house_keeper.png"" alt="""" /><img src=""https://www.tedclothing.com/img/Lavado_cloro_en.jpg"" alt="""" /><img src=""https://www.tedclothing.com/img/Lavadora.jpg"" alt="""" /><img src=""https://www.tedclothing.com/img/Planchado_suave_EN.jpg"" alt="""" /><img src=""https://www.tedclothing.com/img/Secado_medio.jpg"" alt="""" /></span></div>",Colors Art Shorts Man,"Clothes printed in 3D. Discover our collection in TedClothing.com. T-shirts, sweaters, sweatpants, shots, crop tops hoodies and more. Buy trendy clothes.",colors-art-shorts-man
4670,Shorts,Blue Lines,Man,Blue Lines Shorts Man,"<div style=""text-align: center;""><p style=""text-align: left;"">Our garments don't shrink or fade . We use natural dyes completly free of harmful substances ( Oeko -Tex Standard 100 - Certification) . Each garment is made under a process of manual tinted with environmental friendly water-based dyes . Our printing system is a unique process that prints directly to the fibers of the products to ensure realism in the colors and durability. Thanks to this, our garments can be ironed without loosing their properties. </p><div style=""text-align: left;""> </div><div style=""text-align: left;""> </div><br /><div style=""text-align: left;""><strong>Characteristics :</strong></div><div style=""text-align: left;""> </div><br /><div><ul><li style=""text-align: left;"">100 % premium cotton</li><li style=""text-align: left;"">Pre - washed, always keep their properties</li><li style=""text-align: left;"">Realistic Colors and Drawings</li><li style=""text-align: left;"">Water-based Dyes</li><li style=""text-align: left;"">Free of harmful substances (Certificación Oeko-Tex Standard 100)</li><li style=""text-align: left;"">Respectful of environmental sustainability</li></ul></div></div><p> </p><div style=""text-align: center;""> </div><div style=""text-align: center;""> </div><div style=""text-align: center;""> </div><div style=""text-align: center;""> </div><div style=""text-align: left;""><span style=""font-size: small; text-align: left;""> <img src=""https://www.tedclothing.com/img/house_keeper.png"" alt="""" /><img src=""https://www.tedclothing.com/img/Lavado_cloro_en.jpg"" alt="""" /><img src=""https://www.tedclothing.com/img/Lavadora.jpg"" alt="""" /><img src=""https://www.tedclothing.com/img/Planchado_suave_EN.jpg"" alt="""" /><img src=""https://www.tedclothing.com/img/Secado_medio.jpg"" alt="""" /></span></div>",Blue Lines Shorts Man,"Clothes printed in 3D. Discover our collection in TedClothing.com. T-shirts, sweaters, sweatpants, shots, crop tops hoodies and more. Buy trendy clothes.",blue-lines-shorts-man
4671,Shorts,Cannabis,Man,Cannabis Shorts Man,"<div style=""text-align: center;""><p style=""text-align: left;"">Our garments don't shrink or fade . We use natural dyes completly free of harmful substances ( Oeko -Tex Standard 100 - Certification) . Each garment is made under a process of manual tinted with environmental friendly water-based dyes . Our printing system is a unique process that prints directly to the fibers of the products to ensure realism in the colors and durability. Thanks to this, our garments can be ironed without loosing their properties. </p><div style=""text-align: left;""> </div><div style=""text-align: left;""> </div><br /><div style=""text-align: left;""><strong>Characteristics :</strong></div><div style=""text-align: left;""> </div><br /><div><ul><li style=""text-align: left;"">100 % premium cotton</li><li style=""text-align: left;"">Pre - washed, always keep their properties</li><li style=""text-align: left;"">Realistic Colors and Drawings</li><li style=""text-align: left;"">Water-based Dyes</li><li style=""text-align: left;"">Free of harmful substances (Certificación Oeko-Tex Standard 100)</li><li style=""text-align: left;"">Respectful of environmental sustainability</li></ul></div></div><p> </p><div style=""text-align: center;""> </div><div style=""text-align: center;""> </div><div style=""text-align: center;""> </div><div style=""text-align: center;""> </div><div style=""text-align: left;""><span style=""font-size: small; text-align: left;""> <img src=""https://www.tedclothing.com/img/house_keeper.png"" alt="""" /><img src=""https://www.tedclothing.com/img/Lavado_cloro_en.jpg"" alt="""" /><img src=""https://www.tedclothing.com/img/Lavadora.jpg"" alt="""" /><img src=""https://www.tedclothing.com/img/Planchado_suave_EN.jpg"" alt="""" /><img src=""https://www.tedclothing.com/img/Secado_medio.jpg"" alt="""" /></span></div>",Cannabis Shorts Man,"Clothes printed in 3D. Discover our collection in TedClothing.com. T-shirts, sweaters, sweatpants, shots, crop tops hoodies and more. Buy trendy clothes.",cannabis-shorts-man
4672,Shorts,Colored Fungi,Man,Colored Fungi Shorts Man,"<div style=""text-align: center;""><p style=""text-align: left;"">Our garments don't shrink or fade . We use natural dyes completly free of harmful substances ( Oeko -Tex Standard 100 - Certification) . Each garment is made under a process of manual tinted with environmental friendly water-based dyes . Our printing system is a unique process that prints directly to the fibers of the products to ensure realism in the colors and durability. Thanks to this, our garments can be ironed without loosing their properties. </p><div style=""text-align: left;""> </div><div style=""text-align: left;""> </div><br /><div style=""text-align: left;""><strong>Characteristics :</strong></div><div style=""text-align: left;""> </div><br /><div><ul><li style=""text-align: left;"">100 % premium cotton</li><li style=""text-align: left;"">Pre - washed, always keep their properties</li><li style=""text-align: left;"">Realistic Colors and Drawings</li><li style=""text-align: left;"">Water-based Dyes</li><li style=""text-align: left;"">Free of harmful substances (Certificación Oeko-Tex Standard 100)</li><li style=""text-align: left;"">Respectful of environmental sustainability</li></ul></div></div><p> </p><div style=""text-align: center;""> </div><div style=""text-align: center;""> </div><div style=""text-align: center;""> </div><div style=""text-align: center;""> </div><div style=""text-align: left;""><span style=""font-size: small; text-align: left;""> <img src=""https://www.tedclothing.com/img/house_keeper.png"" alt="""" /><img src=""https://www.tedclothing.com/img/Lavado_cloro_en.jpg"" alt="""" /><img src=""https://www.tedclothing.com/img/Lavadora.jpg"" alt="""" /><img src=""https://www.tedclothing.com/img/Planchado_suave_EN.jpg"" alt="""" /><img src=""https://www.tedclothing.com/img/Secado_medio.jpg"" alt="""" /></span></div>",Colored Fungi Shorts Man,"Clothes printed in 3D. Discover our collection in TedClothing.com. T-shirts, sweaters, sweatpants, shots, crop tops hoodies and more. Buy trendy clothes.",colored-fungi-shorts-man
4673,Shorts,Abstract Lines,Man,Abstract Lines Shorts Man,"<div style=""text-align: center;""><p style=""text-align: left;"">Our garments don't shrink or fade . We use natural dyes completly free of harmful substances ( Oeko -Tex Standard 100 - Certification) . Each garment is made under a process of manual tinted with environmental friendly water-based dyes . Our printing system is a unique process that prints directly to the fibers of the products to ensure realism in the colors and durability. Thanks to this, our garments can be ironed without loosing their properties. </p><div style=""text-align: left;""> </div><div style=""text-align: left;""> </div><br /><div style=""text-align: left;""><strong>Characteristics :</strong></div><div style=""text-align: left;""> </div><br /><div><ul><li style=""text-align: left;"">100 % premium cotton</li><li style=""text-align: left;"">Pre - washed, always keep their properties</li><li style=""text-align: left;"">Realistic Colors and Drawings</li><li style=""text-align: left;"">Water-based Dyes</li><li style=""text-align: left;"">Free of harmful substances (Certificación Oeko-Tex Standard 100)</li><li style=""text-align: left;"">Respectful of environmental sustainability</li></ul></div></div><p> </p><div style=""text-align: center;""> </div><div style=""text-align: center;""> </div><div style=""text-align: center;""> </div><div style=""text-align: center;""> </div><div style=""text-align: left;""><span style=""font-size: small; text-align: left;""> <img src=""https://www.tedclothing.com/img/house_keeper.png"" alt="""" /><img src=""https://www.tedclothing.com/img/Lavado_cloro_en.jpg"" alt="""" /><img src=""https://www.tedclothing.com/img/Lavadora.jpg"" alt="""" /><img src=""https://www.tedclothing.com/img/Planchado_suave_EN.jpg"" alt="""" /><img src=""https://www.tedclothing.com/img/Secado_medio.jpg"" alt="""" /></span></div>",Abstract Lines Shorts Man,"Clothes printed in 3D. Discover our collection in TedClothing.com. T-shirts, sweaters, sweatpants, shots, crop tops hoodies and more. Buy trendy clothes.",abstract-lines-shorts-man
4674,Shorts,Blue Mandala,Man,Blue Mandala Shorts Man,"<div style=""text-align: center;""><p style=""text-align: left;"">Our garments don't shrink or fade . We use natural dyes completly free of harmful substances ( Oeko -Tex Standard 100 - Certification) . Each garment is made under a process of manual tinted with environmental friendly water-based dyes . Our printing system is a unique process that prints directly to the fibers of the products to ensure realism in the colors and durability. Thanks to this, our garments can be ironed without loosing their properties. </p><div style=""text-align: left;""> </div><div style=""text-align: left;""> </div><br /><div style=""text-align: left;""><strong>Characteristics :</strong></div><div style=""text-align: left;""> </div><br /><div><ul><li style=""text-align: left;"">100 % premium cotton</li><li style=""text-align: left;"">Pre - washed, always keep their properties</li><li style=""text-align: left;"">Realistic Colors and Drawings</li><li style=""text-align: left;"">Water-based Dyes</li><li style=""text-align: left;"">Free of harmful substances (Certificación Oeko-Tex Standard 100)</li><li style=""text-align: left;"">Respectful of environmental sustainability</li></ul></div></div><p> </p><div style=""text-align: center;""> </div><div style=""text-align: center;""> </div><div style=""text-align: center;""> </div><div style=""text-align: center;""> </div><div style=""text-align: left;""><span style=""font-size: small; text-align: left;""> <img src=""https://www.tedclothing.com/img/house_keeper.png"" alt="""" /><img src=""https://www.tedclothing.com/img/Lavado_cloro_en.jpg"" alt="""" /><img src=""https://www.tedclothing.com/img/Lavadora.jpg"" alt="""" /><img src=""https://www.tedclothing.com/img/Planchado_suave_EN.jpg"" alt="""" /><img src=""https://www.tedclothing.com/img/Secado_medio.jpg"" alt="""" /></span></div>",Blue Mandala Shorts Man,"Clothes printed in 3D. Discover our collection in TedClothing.com. T-shirts, sweaters, sweatpants, shots, crop tops hoodies and more. Buy trendy clothes.",blue-mandala-shorts-man
4675,Shorts,Mandala Flowers,Man,Mandala Flowers Shorts Man,"<div style=""text-align: center;""><p style=""text-align: left;"">Our garments don't shrink or fade . We use natural dyes completly free of harmful substances ( Oeko -Tex Standard 100 - Certification) . Each garment is made under a process of manual tinted with environmental friendly water-based dyes . Our printing system is a unique process that prints directly to the fibers of the products to ensure realism in the colors and durability. Thanks to this, our garments can be ironed without loosing their properties. </p><div style=""text-align: left;""> </div><div style=""text-align: left;""> </div><br /><div style=""text-align: left;""><strong>Characteristics :</strong></div><div style=""text-align: left;""> </div><br /><div><ul><li style=""text-align: left;"">100 % premium cotton</li><li style=""text-align: left;"">Pre - washed, always keep their properties</li><li style=""text-align: left;"">Realistic Colors and Drawings</li><li style=""text-align: left;"">Water-based Dyes</li><li style=""text-align: left;"">Free of harmful substances (Certificación Oeko-Tex Standard 100)</li><li style=""text-align: left;"">Respectful of environmental sustainability</li></ul></div></div><p> </p><div style=""text-align: center;""> </div><div style=""text-align: center;""> </div><div style=""text-align: center;""> </div><div style=""text-align: center;""> </div><div style=""text-align: left;""><span style=""font-size: small; text-align: left;""> <img src=""https://www.tedclothing.com/img/house_keeper.png"" alt="""" /><img src=""https://www.tedclothing.com/img/Lavado_cloro_en.jpg"" alt="""" /><img src=""https://www.tedclothing.com/img/Lavadora.jpg"" alt="""" /><img src=""https://www.tedclothing.com/img/Planchado_suave_EN.jpg"" alt="""" /><img src=""https://www.tedclothing.com/img/Secado_medio.jpg"" alt="""" /></span></div>",Mandala Flowers Shorts Man,"Clothes printed in 3D. Discover our collection in TedClothing.com. T-shirts, sweaters, sweatpants, shots, crop tops hoodies and more. Buy trendy clothes.",mandala-flowers-shorts-man
4676,Shorts,starry sky,Man,starry sky Shorts Man,"<div style=""text-align: center;""><p style=""text-align: left;"">Our garments don't shrink or fade . We use natural dyes completly free of harmful substances ( Oeko -Tex Standard 100 - Certification) . Each garment is made under a process of manual tinted with environmental friendly water-based dyes . Our printing system is a unique process that prints directly to the fibers of the products to ensure realism in the colors and durability. Thanks to this, our garments can be ironed without loosing their properties. </p><div style=""text-align: left;""> </div><div style=""text-align: left;""> </div><br /><div style=""text-align: left;""><strong>Characteristics :</strong></div><div style=""text-align: left;""> </div><br /><div><ul><li style=""text-align: left;"">100 % premium cotton</li><li style=""text-align: left;"">Pre - washed, always keep their properties</li><li style=""text-align: left;"">Realistic Colors and Drawings</li><li style=""text-align: left;"">Water-based Dyes</li><li style=""text-align: left;"">Free of harmful substances (Certificación Oeko-Tex Standard 100)</li><li style=""text-align: left;"">Respectful of environmental sustainability</li></ul></div></div><p> </p><div style=""text-align: center;""> </div><div style=""text-align: center;""> </div><div style=""text-align: center;""> </div><div style=""text-align: center;""> </div><div style=""text-align: left;""><span style=""font-size: small; text-align: left;""> <img src=""https://www.tedclothing.com/img/house_keeper.png"" alt="""" /><img src=""https://www.tedclothing.com/img/Lavado_cloro_en.jpg"" alt="""" /><img src=""https://www.tedclothing.com/img/Lavadora.jpg"" alt="""" /><img src=""https://www.tedclothing.com/img/Planchado_suave_EN.jpg"" alt="""" /><img src=""https://www.tedclothing.com/img/Secado_medio.jpg"" alt="""" /></span></div>",starry sky Shorts Man,"Clothes printed in 3D. Discover our collection in TedClothing.com. T-shirts, sweaters, sweatpants, shots, crop tops hoodies and more. Buy trendy clothes.",starry-sky-shorts-man
4677,Shorts,Sweet Mandala,Man,Sweet Mandala Shorts Man,"<div style=""text-align: center;""><p style=""text-align: left;"">Our garments don't shrink or fade . We use natural dyes completly free of harmful substances ( Oeko -Tex Standard 100 - Certification) . Each garment is made under a process of manual tinted with environmental friendly water-based dyes . Our printing system is a unique process that prints directly to the fibers of the products to ensure realism in the colors and durability. Thanks to this, our garments can be ironed without loosing their properties. </p><div style=""text-align: left;""> </div><div style=""text-align: left;""> </div><br /><div style=""text-align: left;""><strong>Characteristics :</strong></div><div style=""text-align: left;""> </div><br /><div><ul><li style=""text-align: left;"">100 % premium cotton</li><li style=""text-align: left;"">Pre - washed, always keep their properties</li><li style=""text-align: left;"">Realistic Colors and Drawings</li><li style=""text-align: left;"">Water-based Dyes</li><li style=""text-align: left;"">Free of harmful substances (Certificación Oeko-Tex Standard 100)</li><li style=""text-align: left;"">Respectful of environmental sustainability</li></ul></div></div><p> </p><div style=""text-align: center;""> </div><div style=""text-align: center;""> </div><div style=""text-align: center;""> </div><div style=""text-align: center;""> </div><div style=""text-align: left;""><span style=""font-size: small; text-align: left;""> <img src=""https://www.tedclothing.com/img/house_keeper.png"" alt="""" /><img src=""https://www.tedclothing.com/img/Lavado_cloro_en.jpg"" alt="""" /><img src=""https://www.tedclothing.com/img/Lavadora.jpg"" alt="""" /><img src=""https://www.tedclothing.com/img/Planchado_suave_EN.jpg"" alt="""" /><img src=""https://www.tedclothing.com/img/Secado_medio.jpg"" alt="""" /></span></div>",Sweet Mandala Shorts Man,"Clothes printed in 3D. Discover our collection in TedClothing.com. T-shirts, sweaters, sweatpants, shots, crop tops hoodies and more. Buy trendy clothes.",sweet-mandala-shorts-man